Abbrev	Ciudad	Region	Universidad-CO	Grado	Grado-Prev	Campo-Estudio	Fulbright-Grant	Genero	Area-Estudio	Departamento	Grado-Area-Estudio	Universidad-US	Cohorte
REG	BARRANQUILLA	Caribe	UNIVERSIDAD DEL NORTE	Ph.D.	BACHELOR	INGENIERIA ELECTRICA	BECA DE POSTGRADO PARA LAS REGIONES	MALE	ENGINEERING & APPLIED SCIENCES	ATLANTICO	Ph.D. ELECTRICAL ENGINEERING	Washington State University	2010
EST. CUL	SAN ANDRES	Caribe	FUNDACION UNIVERSIDAD DE BOGOTA - JORGE TADEO LOZANO	MASTER'S	BACHELOR	RELACIONES INTERNACIONALES	BECA DE ESTUDIOS CULTURALES PARA COMUNIDADES AFRODESCENDIENTES E INDIGENAS	MALE	HUMANITIES & SOCIAL SCIENCES	ARCHIPIELAGO DE SAN ANDRES, PROVIDENCIA Y SANTA CATALINA	MASTER'S IN PUBLIC ADMINISTRATION	SUNY at Binghamton	2010
REG	BARRANQUILLA	Caribe	UNIVERSIDAD PONTIFICIA BOLIVARIANA	MASTER'S	BACHELOR	DERECHO	BECA DE POSTGRADO PARA LAS REGIONES	MALE	LAW	ATLANTICO	LL.M.	American University	2010
SRM	ENVIGADO	Valle Aburra	UNIVERSIDAD NACIONAL DE COLOMBIA	MASTER'S	BACHELOR	ENGINEERING/INDUSTRIAL MANAGEMENT	BECA FULBRIGHT - SURAMERICANA	MALE	BUSINESS ADMINISTRATION & MANAGEMENT	ANTIOQUIA	M.S. HUMAN RESOURCES MANAGEMENT AND LABOR RELATIONS	Pennsylvania State University	2011
REG	ENVIGADO	Valle Aburra	ESCUELA DE INGENIERIA DE ANTIOQUIA EIA	MASTER'S	BACHELOR	INGENIERIA AMBIENTAL	BECA DE POSTGRADO PARA LAS REGIONES	FEMALE	BIOLOGICAL, AGRICULTURAL & HEALTH SCIENCES	ANTIOQUIA	M.S. CONSERVATION BIOLOGY	SUNY College of Environmental Science and Forestry	2010
REG	CARTAGENA	Caribe	FUNDACION UNIVERSIDAD DE BOGOTA - JORGE TADEO LOZANO	MASTER'S	BACHELOR	GRAPHIC DESIGN	BECA DE POSTGRADO PARA LAS REGIONES	FEMALE	ART & ARCHITECTURE	BOLIVAR	M.A.- DESIGN M.A.NAGEMENT	University of Kansas	2011
REG	POPAYAN	Sur Occidente	PONTIFICIA UNIVERSIDAD JAVERIANA	Ph.D.	BACHELOR	BIOLOGIA	BECA DE POSTGRADO PARA LAS REGIONES	FEMALE	BIOLOGICAL, AGRICULTURAL & HEALTH SCIENCES	CAUCA	Ph.D. ENVIRONMENTAL HEALTH	SUNY Stony Brook	2010
CALDAS	CANDELARIA	Sur Occidente	UNIVERSIDAD NACIONAL DE COLOMBIA	Ph.D.	BACHELOR	AGRONOMY AND CROP SCIENCE	BECA COLCIENCIAS FULBRIGHT	MALE	BIOLOGICAL, AGRICULTURAL & HEALTH SCIENCES	VALLE DEL CAUCA	Ph.D. PLANT BREEDING	North Carolina State University	2011
REG	BARRANQUILLA	Caribe	UNIVERSIDAD DEL NORTE	MASTER'S	BACHELOR	LAW (LL.B., J.D.)	BECA DE POSTGRADO PARA LAS REGIONES	FEMALE	LAW	ATLANTICO	LL.M. INTERNATIONAL LEGAL STUDIES PROGRAM	American University	2011
CALDAS	BARRANQUILLA	Caribe	UNIVERSIDAD DEL NORTE	Ph.D.	BACHELOR	COMMUNICATION, JOURNALISM, AND RELATED PROGRAMS, OTHER	BECA COLCIENCIAS FULBRIGHT	FEMALE	HUMANITIES & SOCIAL SCIENCES	ATLANTICO	Ph.D. COMMUNICATION STUDIES	Ohio University - Main Campus	2011
SRM	ENVIGADO	Valle Aburra	UNIVERSIDAD DE ANTIOQUIA	MASTER'S	BACHELOR	COMPUTER/INFORMATION TECHNOLOGY SERVICES ADMINISTRATION & MANAGEMENT, OTHER	BECA FULBRIGHT - SURAMERICANA	FEMALE	ENGINEERING & APPLIED SCIENCES	ANTIOQUIA	M.S. INFORMATION TECHNOLOGY MANAGEMENT	Worcester Polytechnic Institute	2011
CALDAS	BARRANQUILLA	Caribe	UNIVERSIDAD LIBRE	Ph.D.	BACHELOR	MEDICAL MICROBIOLOGY AND BACTERIOLOGY	BECA COLCIENCIAS FULBRIGHT	FEMALE	BIOLOGICAL, AGRICULTURAL & HEALTH SCIENCES	ATLANTICO	Ph.D. ALLERGY, IMMUNOLOGY AND INFECTIOUS DISEASE	University of South Florida	2011
REG	MANIZALES	Eje Cafetero	UNIVERSIDAD NACIONAL DE COLOMBIA	Ph.D.	BACHELOR	INGENIERIA AGRONOMICA	BECA DE POSTGRADO PARA LAS REGIONES	MALE	BIOLOGICAL, AGRICULTURAL & HEALTH SCIENCES	CALDAS			2008
REG	MANIZALES	Eje Cafetero	UNIVERSIDAD DE MANIZALES	Ph.D.	BACHELOR	COMUNICACION SOCIAL	BECA DE POSTGRADO PARA LAS REGIONES	FEMALE	HUMANITIES & SOCIAL SCIENCES	CALDAS			2008
LID	SANTANDER DE QUILICHAO	Sur Occidente	ESCUELA MILITAR DE AVIACION MARCO FIDEL SUAREZ	MASTER'S	BACHELOR	ADMINISTRACION AERONAUTICA	BECA PARA LIDERES AFRODESCENDIENTES	MALE	LAW	CAUCA			2009
CALDAS	BARRANQUILLA	Caribe	UNIVERSIDAD DEL NORTE	Ph.D.	BACHELOR	COMPUTER PROGRAMMING/PROGRAMMER, GENERAL	BECA COLCIENCIAS FULBRIGHT	MALE	ENGINEERING & APPLIED SCIENCES	ATLANTICO	Ph.D. INFORMATION TECHNOLOGY	George Mason University	2011
REG	MANIZALES	Eje Cafetero	UNIVERSIDAD INDUSTRIAL DE SANTANDER	Ph.D.	BACHELOR	BIOLOGIA	BECA DE POSTGRADO PARA LAS REGIONES	MALE	BIOLOGICAL, AGRICULTURAL & HEALTH SCIENCES	CALDAS	Ph.D. ENTOMOLOGY	Purdue University	2010
CALDAS	CUMARAL	Llanos Orientales	PONTIFICIA UNIVERSIDAD JAVERIANA	Ph.D.	BACHELOR	NATURAL RESOURCES AND CONSERVATION, OTHER	BECA COLCIENCIAS FULBRIGHT	FEMALE	BIOLOGICAL, AGRICULTURAL & HEALTH SCIENCES	META	Ph.D. ECOLOGY	Duke University	2011
CERR	RIOHACHA	Caribe	COLEGIO MAYOR DE NUESTRA SEÑORA DEL ROSARIO	MASTER'S	BACHELOR	FINANCE AND FINANCIAL MANAGEMENT SERVICES, OTHER	BECA FULBRIGHT - CERREJON PARA LA GUAJIRA	FEMALE	BUSINESS ADMINISTRATION & MANAGEMENT	LA GUAJIRA	M.S. TOURISM & HOSPITALITY MANAGEMENT	Temple University	2011
LID	SAN ANDRES	Caribe	UNIVERSIDAD DE MEDELLIN	Ph.D.	BACHELOR	STATISTICS, GENERAL	BECA PARA LIDERES AFRODESCENDIENTES	FEMALE	HUMANITIES & SOCIAL SCIENCES	ARCHIPIELAGO DE SAN ANDRES, PROVIDENCIA Y SANTA CATALINA	Ph.D. SOCIOLOGY	University of Miami	2011
LID	TUMACO	Pacifico	UNIVERSIDAD DEL VALLE	Ph.D.	BACHELOR	ECONOMICS, GENERAL	BECA PARA LIDERES AFRODESCENDIENTES	FEMALE	HUMANITIES & SOCIAL SCIENCES	NARIÑO	DEVELOPMENT ECONOMICS AND INTERNATIONAL DEVELOPMENT	Florida State University	2011
LID	SAN ANDRES	Caribe	COLEGIO MAYOR DE NUESTRA SEÑORA DEL ROSARIO	MASTER'S	BACHELOR	RELACIONES INTERNACIONALES	BECA PARA LIDERES AFRODESCENDIENTES	MALE	HUMANITIES & SOCIAL SCIENCES	ARCHIPIELAGO DE SAN ANDRES, PROVIDENCIA Y SANTA CATALINA	M.P.A. MASTER IN PUBLIC AFFAIRS	Cornell University	2010
EST. CUL	MANIZALES	Eje Cafetero	UNIVERSIDAD DE CALDAS	MASTER'S	BACHELOR	PHILOSOPHY, OTHER	BECA DE ESTUDIOS CULTURALES PARA COMUNIDADES AFRODESCENDIENTES E INDIGENAS	MALE	HUMANITIES & SOCIAL SCIENCES	CALDAS	M.A. PHILOSOPHY	Southern Illinois University Carbondale	2011
REG	MONTERIA	Caribe	UNIVERSIDAD DE CORDOBA	MASTER'S	BACHELOR	ENGLISH/LANGUAGE ARTS TEACHER EDUCATION	BECA DE POSTGRADO PARA LAS REGIONES	FEMALE	EDUCATION	CORDOBA	M.A. TESOL/APPLIED LINGUISTICS	Indiana University Bloomington	2011
CALDAS	ITAGUI	Valle Aburra	UNIVERSIDAD NACIONAL DE COLOMBIA	Ph.D.	BACHELOR	ENGINEERING, OTHER	BECA COLCIENCIAS FULBRIGHT	MALE	ENGINEERING & APPLIED SCIENCES	ANTIOQUIA	Ph.D. CHEMICAL ENGINEERING	Washington State University	2011
LID	QUIBDO	Pacifico	UNIVERSIDAD TECNOLOGICA DEL CHOCO-DIEGO LUIS CORDOBA	MASTER'S	BACHELOR	LAW (LL.B., J.D.)	BECA PARA LIDERES AFRODESCENDIENTES	MALE	LAW	CHOCO	LL.M. INTERNATIONAL LAW	American University	2011
CLC-DNP	TUNJA	Cundi-Boyacense	UNIVERSIDAD NACIONAL DE COLOMBIA	Ph.D.	BACHELOR	FILOLOGIA E IDIOMAS INGLES	BECA FULBRIGHT-COLCIENCIAS-DNP	MALE	EDUCATION	BOYACA	Ph.D. TEACHING ENGLISH AS A SECOND LANGUAGE	University of Arizona	2010
REG	BARRANQUILLA	Caribe	UNIVERSIDAD DEL ATLANTICO	MASTER'S	BACHELOR	FILOSOFIA	BECA DE POSTGRADO PARA LAS REGIONES	MALE	HUMANITIES & SOCIAL SCIENCES	ATLANTICO	M.A. PHILOSOPHY	SUNY Stony Brook	2010
CALDAS	CARTAGENA	Caribe	UNIVERSIDAD DE CARTAGENA	Ph.D.	BACHELOR	CHEMISTRY, GENERAL	BECA COLCIENCIAS FULBRIGHT	FEMALE	BIOLOGICAL, AGRICULTURAL & HEALTH SCIENCES	BOLIVAR	Ph.D. CHEMISTRY	SUNY at Buffalo	2011
CALDAS	VILLAVICENCIO	Llanos Orientales	UNIVERSIDAD DE LOS LLANOS	Ph.D.	BACHELOR	VETERINARY MEDICINE (DVM)	BECA COLCIENCIAS FULBRIGHT	MALE	BIOLOGICAL, AGRICULTURAL & HEALTH SCIENCES	META	Ph.D. PHARMACOLOGY AND TOXICOLOGY	University of California - Davis	2011
CLC-DNP	CHINCHINA	Eje Cafetero	UNIVERSIDAD DE CALDAS	Ph.D.	BACHELOR	INGENERIA AGRONOMICA	BECA FULBRIGHT-COLCIENCIAS-DNP	MALE	BIOLOGICAL, AGRICULTURAL & HEALTH SCIENCES	CALDAS	Ph.D. PLANT PATHOLOGY	Michigan State University	2010
REG	CHINCHINA	Eje Cafetero	UNIVERSIDAD DE CALDAS	Ph.D.	BACHELOR	AGRONOMIA	BECA DE POSTGRADO PARA LAS REGIONES	FEMALE	BIOLOGICAL, AGRICULTURAL & HEALTH SCIENCES	CALDAS	Ph.D. ENTOMOLOGY	Pennsylvania State University	2010
SRM	BARRANQUILLA	Caribe	UNIVERSIDAD DEL NORTE	MASTER'S	BACHELOR	INGENIERIA MECANICA	BECA FULBRIGHT - SURAMERICANA	MALE	ENGINEERING & APPLIED SCIENCES	ATLANTICO	M.S. IN INDUSTRIAL TECHNOLOGY	Purdue University	2010
CALDAS	MANIZALES	Eje Cafetero	UNIVERSIDAD DE CALDAS	Ph.D.	BACHELOR	PHILOSOPHY	BECA COLCIENCIAS FULBRIGHT	FEMALE	HUMANITIES & SOCIAL SCIENCES	CALDAS	Ph.D. PHILOSOPHY	University of Oklahoma	2011
REG	BARRANQUILLA	Caribe	UNIVERSIDAD NACIONAL DE COLOMBIA	Ph.D.	BACHELOR	ECONOMIA	BECA DE POSTGRADO PARA LAS REGIONES	MALE	HUMANITIES & SOCIAL SCIENCES	ATLANTICO	ECONOMICS OF EDUCATION	University of Arkansas, Fayetteville	2010
REG	VILLAVICENCIO	Llanos Orientales	UNIVERSIDAD DISTRITAL-FRANCISCO JOSE DE CALDAS	Ph.D.	BACHELOR	INGENIERIA ELECTRONICA	BECA DE POSTGRADO PARA LAS REGIONES	MALE	ENGINEERING & APPLIED SCIENCES	META	TELECOMMUNICATIONS ENGINEERING	University of North Dakota	2010
LID	PASTO	Sur Occidente	UNIVERSIDAD DE NARIÑO	Ph.D.	BACHELOR	NATURAL RESOURCES AND CONSERVATION, OTHER	BECA PARA LIDERES AFRODESCENDIENTES	MALE	BIOLOGICAL, AGRICULTURAL & HEALTH SCIENCES	NARIÑO	Ph.D. PHILOSOPHY IN NATURAL RESOURCES	University of Nebraska - Lincoln	2011
LID	QUIBDO	Pacifico	UNIVERSIDAD DE ANTIOQUIA	Ph.D.	BACHELOR	CHEMICAL ENGINEERING	BECA PARA LIDERES AFRODESCENDIENTES	MALE	ENGINEERING & APPLIED SCIENCES	CHOCO	Ph.D. ENVIRONMENTAL AND WATER RESOURCES	University of Texas at Austin	2011
EST. CUL	COROZAL	Caribe	UNIVERSIDAD DE SUCRE	Ph.D.	BACHELOR	BIOTECHNOLOGY	BECA DE ESTUDIOS CULTURALES PARA COMUNIDADES AFRODESCENDIENTES E INDIGENAS	MALE	BIOLOGICAL, AGRICULTURAL & HEALTH SCIENCES	SUCRE	Ph.D. BIOMEDICAL SCIENCES	Louisiana State University and A&M College	2011
CALDAS	PALMIRA	Sur Occidente	UNIVERSIDAD ICESI	Ph.D.	BACHELOR	ECONOMICS, GENERAL	BECA COLCIENCIAS FULBRIGHT	FEMALE	BUSINESS ADMINISTRATION & MANAGEMENT	VALLE DEL CAUCA	MARKETING		2011
SRM	CARTAGENA	Caribe	UNIVERSIDAD NACIONAL DE COLOMBIA	MASTER'S	BACHELOR	CHEMICAL ENGINEERING	BECA FULBRIGHT - SURAMERICANA	MALE	BUSINESS ADMINISTRATION & MANAGEMENT	BOLIVAR	M.S. LOGISTICS AND MATERIALS MANAGEMENT	The University of Texas at Dallas	2012
LID	SANTANDER DE QUILICHAO	Sur Occidente	ESCUELA MILITAR DE AVIACION MARCO FIDEL SUAREZ	MASTER'S		ADMINISTRACION AERONAUTICA	BECA PARA LIDERES AFRODESCENDIENTES	MALE	HUMANITIES & SOCIAL SCIENCES	CAUCA	M.P.A. MASTER IN PUBLIC AFFAIRS	Old Dominion University	2010
EST. CUL	BARRANQUILLA	Caribe	UNIVERSIDAD DEL NORTE	MASTER'S	BACHELOR	RELACIONES INTERNACIONALES	BECA DE ESTUDIOS CULTURALES PARA COMUNIDADES AFRODESCENDIENTES E INDIGENAS	FEMALE	BUSINESS ADMINISTRATION & MANAGEMENT	ATLANTICO	M.A. ARTS MANAGEMENT	University of Oregon	2010
REG	CUCUTA	Santanderes	UNIVERSIDAD FRANCISCO DE PAULA SANTANDER	MASTER'S	BACHELOR	INGENIERIA ELECTRONICA	BECA DE POSTGRADO PARA LAS REGIONES	MALE	ENGINEERING & APPLIED SCIENCES	NORTE DE SANTANDER	M.S. ELECTRONICAL & COMPUTER ENGINEERING	University of Delaware	2010
CERR	RIOHACHA	Caribe	UNIVERSIDAD DE LOS LLANOS	MASTER'S	BACHELOR	ECONOMICS	BECA FULBRIGHT - CERREJON PARA LA GUAJIRA	FEMALE	BIOLOGICAL, AGRICULTURAL & HEALTH SCIENCES	LA GUAJIRA	MASTER'S OF MARINE AFFAIRS	University of Washington	2010
LID	SAN ANDRES	Caribe	UNIVERSIDAD AUTONOMA DEL CARIBE- UNIAUTONOMA	MASTER'S	BACHELOR	SYSTEMS ENGINEERING	BECA PARA LIDERES AFRODESCENDIENTES	FEMALE	ENGINEERING & APPLIED SCIENCES	ARCHIPIELAGO DE SAN ANDRES, PROVIDENCIA Y SANTA CATALINA	M.S. COMPUTER SCIENCE	Worcester Polytechnic Institute	2011
ARTS	PASTO	Sur Occidente	UNIVERSIDAD DE LOS ANDES	MASTER'S	BACHELOR	HISTORIA	BECA FULBRIGHT - MINCULTURA PARA ARTISTAS	MALE	ART & ARCHITECTURE	NARIÑO	M.A. MUSEUM STUDIES	New York University	2010
REG	MANIZALES	Eje Cafetero	UNIVERSIDAD NACIONAL DE COLOMBIA	Ph.D.	BACHELOR	INGENIERIA AGRONOMICA	BECA DE POSTGRADO PARA LAS REGIONES	MALE	BIOLOGICAL, AGRICULTURAL & HEALTH SCIENCES	CALDAS	Ph.D. SOIL FERTILITY AND PLANT	University of California - Davis	2009
REG	MANIZALES	Eje Cafetero	UNIVERSIDAD AUTONOMA DE MANIZALES	Ph.D.	BACHELOR	INGENIERIA DE SISTEMAS	BECA DE POSTGRADO PARA LAS REGIONES	FEMALE	ENGINEERING & APPLIED SCIENCES	CALDAS	COMPUTER SCIENCE	University of Arizona	2008
REG	POPAYAN	Sur Occidente	UNIVERSIDAD PONTIFICIA BOLIVARIANA	Ph.D.	BACHELOR	COMUNICACION SOCIAL	BECA DE POSTGRADO PARA LAS REGIONES	FEMALE	EDUCATION	CAUCA	HIGHER EDUCATION/HIGHER EDUCATION ADMINISTRATION	SUNY at Albany	2008
REG	MANIZALES	Eje Cafetero	UNIVERSIDAD DE MANIZALES	Ph.D.	BACHELOR	COMUNICACION SOCIAL	BECA DE POSTGRADO PARA LAS REGIONES	FEMALE	HUMANITIES & SOCIAL SCIENCES	CALDAS	Ph.D. COMS-RHETORIC	Ohio University - Main Campus	2009
REG	BUCARAMANGA	Santanderes	UNIVERSIDAD INDUSTRIAL DE SANTANDER	Ph.D.	BACHELOR	MEDICINA	BECA DE POSTGRADO PARA LAS REGIONES	FEMALE	BIOLOGICAL, AGRICULTURAL & HEALTH SCIENCES	SANTANDER	EPIDEMIOLOGY	University of Wisconsin - Madison	2008
REG	MANIZALES	Eje Cafetero	UNIVERSIDAD AUTONOMA DE MANIZALES	MASTER'S	BACHELOR	DISEÑO INDUSTRIAL	BECA DE POSTGRADO PARA LAS REGIONES	MALE	ART & ARCHITECTURE	CALDAS	INTERACTIVE MEDIA DESIGN	University of Cincinnati	2008
REG	MANIZALES	Eje Cafetero	UNIVERSIDAD PONTIFICIA BOLIVARIANA	Ph.D.	BACHELOR	FILOSOFIA	BECA DE POSTGRADO PARA LAS REGIONES	MALE	HUMANITIES & SOCIAL SCIENCES	CALDAS	Ph.D. PHILOSOPHY	Southern Illinois University Carbondale	2008
REG	PEREIRA	Eje Cafetero	UNIVERSIDAD DEL VALLE	MASTER'S	BACHELOR	BIOLOGIA	BECA DE POSTGRADO PARA LAS REGIONES	FEMALE	BIOLOGICAL, AGRICULTURAL & HEALTH SCIENCES	RISARALDA		University of Florida	2008
REG	BUCARAMANGA	Santanderes	UNIVERSIDAD INDUSTRIAL DE SANTANDER	Ph.D.	BACHELOR	FISIOTERAPIA	BECA DE POSTGRADO PARA LAS REGIONES	FEMALE	BIOLOGICAL, AGRICULTURAL & HEALTH SCIENCES	SANTANDER		University of South Carolina - Columbia	2008
REG	BUCARAMANGA	Santanderes	UNIVERSIDAD INDUSTRIAL DE SANTANDER	Ph.D.	BACHELOR	FILOSOFIA	BECA DE POSTGRADO PARA LAS REGIONES	MALE	HUMANITIES & SOCIAL SCIENCES	SANTANDER		SUNY Stony Brook	2008
CLC-DNP	BARRANQUILLA	Caribe	UNIVERSIDAD DEL NORTE	Ph.D.	BACHELOR	INGENIERIA INDUUSTRAIL	BECA FULBRIGHT-COLCIENCIAS-DNP	FEMALE	ENGINEERING & APPLIED SCIENCES	ATLANTICO	Ph.D. ECONOMIC DECISION ANALYSIS	University of Florida	2008
CLC-DNP	BARRANQUILLA	Caribe	UNIVERSIDAD DEL NORTE	Ph.D.	BACHELOR	INGENIERIA INDUUSTRAIL	BECA FULBRIGHT-COLCIENCIAS-DNP	FEMALE	ENGINEERING & APPLIED SCIENCES	ATLANTICO	INDUSTRIAL ENGINEERING	SUNY at Buffalo	2008
REG	BARRANQUILLA	Caribe	UNIVERSIDAD DEL NORTE	Ph.D.	BACHELOR	INGENIERO ELECTRONICO	BECA DE POSTGRADO PARA LAS REGIONES	MALE	ENGINEERING & APPLIED SCIENCES	ATLANTICO	SYSTEMS ENGINEERING	SUNY at Buffalo	2008
CLC-DNP	BARRANQUILLA	Caribe	UNIVERSIDAD DEL NORTE	Ph.D.	BACHELOR	INGENIERIA INDUUSTRAIL	BECA FULBRIGHT-COLCIENCIAS-DNP	FEMALE	ENGINEERING & APPLIED SCIENCES	ATLANTICO	SYSTEMS ENGINEERING	SUNY at Buffalo	2008
REG	BARRANQUILLA	Caribe	UNIVERSIDAD DEL NORTE	MASTER'S	BACHELOR	PSICOLOGIA	BECA DE POSTGRADO PARA LAS REGIONES	MALE	EDUCATION	ATLANTICO	EDUCATIONAL PSYCHOLOGY	Purdue University	2008
REG	CARTAGENA	Caribe	UNIVERSIDAD PONTIFICIA BOLIVARIANA	Ph.D.	BACHELOR	INGENIERIA ELECTRONICA	BECA DE POSTGRADO PARA LAS REGIONES	MALE	ENGINEERING & APPLIED SCIENCES	BOLIVAR	Ph.D. ELECTRICAL ENGINEERING	Southern Illinois University Carbondale	2008
REG	PASTO	Sur Occidente	UNIVERSIDAD DE NARIÑO	MASTER'S	BACHELOR	BIOLOGIA	BECA DE POSTGRADO PARA LAS REGIONES	MALE	BIOLOGICAL, AGRICULTURAL & HEALTH SCIENCES	NARIÑO	MOLECULAR BIOLOGY	Ohio State University	2008
CLC-DNP	BUCARAMANGA	Santanderes	UNIVERSIDAD DE LOS ANDES	Ph.D.	BACHELOR	HISTORIA-ECONOMIA	BECA FULBRIGHT-COLCIENCIAS-DNP	MALE	HUMANITIES & SOCIAL SCIENCES	SANTANDER		University of Illinois at Chicago	2008
REG	BARRANCABERMEJA	Santanderes	UNIVERSIDAD NACIONAL DE COLOMBIA	Ph.D.	BACHELOR	INGENIERIA AGRONOMICA	BECA DE POSTGRADO PARA LAS REGIONES	MALE	BIOLOGICAL, AGRICULTURAL & HEALTH SCIENCES	SANTANDER	Ph.D. PLANT PHYSIOLOGY	Iowa State University	2008
REG	CARTAGENA	Caribe	UNIVERSIDAD TECNOLOGICA DE BOLIVAR	Ph.D.	BACHELOR	ECONOMIA	BECA DE POSTGRADO PARA LAS REGIONES	MALE	HUMANITIES & SOCIAL SCIENCES	BOLIVAR		Washington State University	2008
REG	BUCARAMANGA	Santanderes	UNIVERSIDAD INDUSTRIAL DE SANTANDER	Ph.D.	BACHELOR	INGENIERIA QUIMICA	BECA DE POSTGRADO PARA LAS REGIONES	MALE	ENGINEERING & APPLIED SCIENCES	SANTANDER		University of Wisconsin - Madison	2008
REG	BARRANQUILLA	Caribe	UNIVERSIDAD ESTATAL DE MOSCU	MASTER'S	BACHELOR	BIOLOGIA	BECA DE POSTGRADO PARA LAS REGIONES	FEMALE	BIOLOGICAL, AGRICULTURAL & HEALTH SCIENCES	ATLANTICO	Ph.D. MOLECULAR AND CELL BIOLOGY	University of Maryland - College Park	2009
REG	MANIZALES	Eje Cafetero	UNIVERSIDAD DE ANTIOQUIA	Ph.D.	BACHELOR	BIOLOGIA	BECA DE POSTGRADO PARA LAS REGIONES	FEMALE	BIOLOGICAL, AGRICULTURAL & HEALTH SCIENCES	CALDAS	Ph.D. GENNETICS AND DEVELOPMENT	Cornell University	2009
REG	MANIZALES	Eje Cafetero	UNIVERSIDAD PEDAGOGICA NACIONAL	Ph.D.	BACHELOR	BIOLOGIA	BECA DE POSTGRADO PARA LAS REGIONES	FEMALE	BIOLOGICAL, AGRICULTURAL & HEALTH SCIENCES	CALDAS	Ph.D. PLANT MOLECULAR BIOLOGY	University of Wisconsin - Madison	2009
REG	BARRANQUILLA	Caribe	UNIVERSIDAD DEL NORTE	Ph.D.	BACHELOR	ECONOMIA	BECA DE POSTGRADO PARA LAS REGIONES	MALE	HUMANITIES & SOCIAL SCIENCES	ATLANTICO	Ph.D. ECONOMICS	University of Missouri - Kansas City	2009
CLC-DNP	ARMENIA	Eje Cafetero	UNIVERSIDAD DEL QUINDIO	Ph.D.	BACHELOR	ELECTRICIDAD Y ELECTRONICA	BECA FULBRIGHT-COLCIENCIAS-DNP	MALE	ENGINEERING & APPLIED SCIENCES	QUINDIO	ELECTRICAL & ELECTRONIC ENGINEERING TECHNOLOGIES	Georgia Institute of Technology - Main Campus	2007
DU	POPAYAN	Sur Occidente	UNIVERSIDAD DEL TOLIMA	Ph.D.	BACHELOR	IDIOMAS	BECA PARA DESARROLLO UNIVERSITARIO	MALE	EDUCATION	CAUCA		Ball State University	2004
REG	MANIZALES	Eje Cafetero	UNIVERSIDAD DE CALDAS	Ph.D.	BACHELOR	INGENIERIA AGRONOMICA	BECA DE POSTGRADO PARA LAS REGIONES	MALE	BIOLOGICAL, AGRICULTURAL & HEALTH SCIENCES	CALDAS	Ph.D. PLANT SCIENCES	University of Arizona	2009
DU	BARRANQUILLA	Caribe	UNIVERSIDAD DEL NORTE	MASTER'S	BACHELOR	INGENIERIA CIVIL	BECA PARA DESARROLLO UNIVERSITARIO	MALE	ENGINEERING & APPLIED SCIENCES	ATLANTICO	CIVIL ENGINEERING	University of California, Berkeley	2005
CLC-DNP	SANTA MARTA	Caribe	UNIVERSIDAD NACIONAL DE COLOMBIA	Ph.D.	BACHELOR	INGENIERIA CIVIL	BECA FULBRIGHT-COLCIENCIAS-DNP	MALE	ENGINEERING & APPLIED SCIENCES	MAGDALENA	GEOTECHNICAL ENGINEERING	University of Illinois at Urbana-Champaign	2006
CLC-DNP	CUCUTA	Santanderes	UNIVERSIDAD NACIONAL DE COLOMBIA	Ph.D.	BACHELOR	INGENIERIA CIVIL	BECA FULBRIGHT-COLCIENCIAS-DNP	MALE	BIOLOGICAL, AGRICULTURAL & HEALTH SCIENCES	NORTE DE SANTANDER	HYDROLOGY	University of Arizona	2007
CLC-DNP	BUCARAMANGA	Santanderes	UNIVERSIDAD INDUSTRIAL DE SANTANDER	MASTER'S	BACHELOR	INGENIERIA CIVIL	BECA FULBRIGHT-COLCIENCIAS-DNP	FEMALE	BIOLOGICAL, AGRICULTURAL & HEALTH SCIENCES	SANTANDER	WATER RESOURCES MANAGEMENT	University of California, Merced	2005
DU	BUCARAMANGA	Santanderes	UNIVERSIDAD INDUSTRIAL DE SANTANDER	Ph.D.	BACHELOR	INGENIERIA CIVIL	BECA PARA DESARROLLO UNIVERSITARIO	MALE	ENGINEERING & APPLIED SCIENCES	SANTANDER	CIVIL ENGINEERING	University of Illinois at Urbana-Champaign	2005
REG	BUCARAMANGA	Santanderes	UNIVERSIDAD DEL CAUCA	Ph.D.	BACHELOR	INGENIERIA CIVIL	BECA DE POSTGRADO PARA LAS REGIONES	MALE	ENGINEERING & APPLIED SCIENCES	SANTANDER	Ph.D. ECOLOGYCAL SCIENCES AND ENGINEERING	University of Alabama at Birmingham	2009
DU	BUCARAMANGA	Santanderes	UNIVERSIDAD AUTONOMA DE BUCARAMANGA-UNAB-	Ph.D.	BACHELOR	INGENIERIA DE SISTEMAS	BECA PARA DESARROLLO UNIVERSITARIO	MALE	ENGINEERING & APPLIED SCIENCES	SANTANDER		Kansas State University	2006
DU	BUCARAMANGA	Santanderes	UNIVERSIDAD INDUSTRIAL DE SANTANDER	Ph.D.	BACHELOR	INGENIERIA DE SISTEMAS	BECA PARA DESARROLLO UNIVERSITARIO	MALE	BUSINESS ADMINISTRATION & MANAGEMENT	SANTANDER		University of South Florida	2004
REG	VALLEDUPAR	Caribe	UNIVERSIDAD TECNOLOGICA DE BOLIVAR	Ph.D.	BACHELOR	INGENIERIA ELECTRICA	BECA DE POSTGRADO PARA LAS REGIONES	MALE	ENGINEERING & APPLIED SCIENCES	CESAR	Ph.D. ELECTRICAL ENGINEERING	Northeastern University	2010
DU	PEREIRA	Eje Cafetero	UNIVERSIDAD TECNOLOGICA DE PEREIRA - UTP	Ph.D.	BACHELOR	INGENIERIA ELECTRICA	BECA PARA DESARROLLO UNIVERSITARIO	MALE	ENGINEERING & APPLIED SCIENCES	RISARALDA	ELECTRICAL & ELECTRONIC ENGINEERING TECHNOLOGIES	Purdue University	2006
FLB-CLC	PEREIRA	Eje Cafetero	UNIVERSIDAD TECNOLOGICA DE PEREIRA - UTP	Ph.D.	BACHELOR	INGENIERIA ELECTRICA	BECA FULBRIGHT-COLCIENCIAS	MALE	ENGINEERING & APPLIED SCIENCES	RISARALDA	ELECTRICAL & ELECTRONIC ENGINEERING TECHNOLOGIES	Iowa State University	2004
REG	PEREIRA	Eje Cafetero	UNIVERSIDAD TECNOLOGICA DE PEREIRA - UTP	Ph.D.	BACHELOR	INGENIERIA ELECTRICA	BECA DE POSTGRADO PARA LAS REGIONES	MALE	ENGINEERING & APPLIED SCIENCES	RISARALDA	Ph.D. ELECTRICAL, ELECTRONICS AND COMMUNICATION ENGINEERING	University of Arkansas, Fayetteville	2009
CLC-DNP	BUCARAMANGA	Santanderes	UNIVERSIDAD INDUSTRIAL DE SANTANDER	Ph.D.	BACHELOR	INGENIERIA ELECTRICA	BECA FULBRIGHT-COLCIENCIAS-DNP	MALE	ENGINEERING & APPLIED SCIENCES	SANTANDER	BIOENGINEERING	University of Connecticut	2005
CLC-DNP	BARRANQUILLA	Caribe	UNIVERSIDAD DEL NORTE	Ph.D.	BACHELOR	INGENIERIA ELECTRONICA	BECA FULBRIGHT-COLCIENCIAS-DNP	MALE	ENGINEERING & APPLIED SCIENCES	ATLANTICO	ELECTRICAL & ELECTRONIC ENGINEERING TECHNOLOGIES	Georgia Institute of Technology - Main Campus	2005
CLC-DNP	BARRANQUILLA	Caribe	UNIVERSIDAD DEL NORTE	Ph.D.	BACHELOR	INGENIERIA ELECTRONICA	BECA FULBRIGHT-COLCIENCIAS-DNP	MALE	ENGINEERING & APPLIED SCIENCES	ATLANTICO	ELECTRICAL & ELECTRONIC ENGINEERING TECHNOLOGIES	University of Illinois at Urbana-Champaign	2005
CLC-DNP	BARRANQUILLA	Caribe	UNIVERSIDAD DEL NORTE	Ph.D.	BACHELOR	INGENIERIA ELECTRONICA	BECA FULBRIGHT-COLCIENCIAS-DNP	MALE	ENGINEERING & APPLIED SCIENCES	ATLANTICO	ELECTRICAL & ELECTRONIC ENGINEERING TECHNOLOGIES	Georgia Institute of Technology - Main Campus	2005
DU	BARRANQUILLA	Caribe	UNIVERSIDAD PONTIFICIA BOLIVARIANA	MASTER'S	BACHELOR	INGENIERIA ELECTRONICA	BECA PARA DESARROLLO UNIVERSITARIO	FEMALE	ENGINEERING & APPLIED SCIENCES	ATLANTICO	TELECOMMUNICATIONS ENGINEERING	University of Pittsburgh - Main Campus	2004
CLC-DNP	CARTAGENA	Caribe	UNIVERSIDAD TECNOLOGICA DE BOLIVAR	Ph.D.	BACHELOR	INGENIERIA ELECTRONICA	BECA FULBRIGHT-COLCIENCIAS-DNP	MALE	ENGINEERING & APPLIED SCIENCES	BOLIVAR	ELECTRICAL & ELECTRONIC ENGINEERING TECHNOLOGIES	SUNY at Buffalo	2007
CLC-DNP	CARTAGENA	Caribe	UNIVERSIDAD INDUSTRIAL DE SANTANDER	Ph.D.	BACHELOR	INGENIERIA ELECTRONICA	BECA FULBRIGHT-COLCIENCIAS-DNP	MALE	ENGINEERING & APPLIED SCIENCES	BOLIVAR	Ph.D. ELECTRONIC ENGINEERING	University of Connecticut	2007
JWF	CARTAGENA	Caribe	UNIVERSIDAD DE LOS ANDES	MASTER'S	BACHELOR	INGENIERIA INDUSTRIAL	BECA J. WILLIAM FULBRIGHT	MALE	BIOLOGICAL, AGRICULTURAL & HEALTH SCIENCES	BOLIVAR	M.S. SUSTAINABLE DEVELOPMENT	University of Maryland - College Park	2010
DU	PEREIRA	Eje Cafetero	UNIVERSIDAD TECNOLOGICA DE PEREIRA - UTP	Ph.D.	BACHELOR	INGENIERIA MECANICA	BECA PARA DESARROLLO UNIVERSITARIO	MALE	ENGINEERING & APPLIED SCIENCES	RISARALDA	MECHANICAL ENGINEERING	Arizona State University	2006
DU	BUCARAMANGA	Santanderes	UNIVERSIDAD INDUSTRIAL DE SANTANDER	MASTER'S	BACHELOR	INGENIERIA MECANICA	BECA PARA DESARROLLO UNIVERSITARIO	MALE	ENGINEERING & APPLIED SCIENCES	SANTANDER	MECHANICAL ENGINEERING	Rensselaer Polytechnic Institute	2004
DU	PALMIRA	Sur Occidente	UNIVERSIDAD AUTONOMA DE OCCIDENTE	MASTER'S	BACHELOR	INGENIERIA MECANICA	BECA PARA DESARROLLO UNIVERSITARIO	MALE	ENGINEERING & APPLIED SCIENCES	VALLE DEL CAUCA	MECHANICAL ENGINEERING	SUNY Stony Brook	2006
OEA-FLB	SAN ANDRES	Caribe	UNIVERSIDAD PONTIFICIA BOLIVARIANA	MASTER'S	BACHELOR	INGENIERIA QUIMICA	BECA ECOLOGICA OEA-FULBRIGHT	FEMALE	ENGINEERING & APPLIED SCIENCES	ARCHIPIELAGO DE SAN ANDRES, PROVIDENCIA Y SANTA CATALINA		Pennsylvania State University	2004
CLC-DNP	ARMENIA	Eje Cafetero	UNIVERSIDAD DEL QUINDIO	Ph.D.	BACHELOR	LIC. MATEMATICAS Y COMP.	BECA FULBRIGHT-COLCIENCIAS-DNP	MALE	PHYSICAL SCIENCES & MATHEMATICS	QUINDIO	MATHEMATICS	Florida State University	2006
DU	CARTAGENA	Caribe	UNIVERSIDAD DEL ATLANTICO	Ph.D.	BACHELOR	LICENCIATURA EN EDUCACION	BECA PARA DESARROLLO UNIVERSITARIO	MALE	PHYSICAL SCIENCES & MATHEMATICS	BOLIVAR		Washington State University	2004
REG	MONTERIA	Caribe	UNIVERSIDAD DE PAMPLONA	Ph.D.	BACHELOR	LICENCIATURA EN INGLES Y FRANCES	BECA DE POSTGRADO PARA LAS REGIONES	MALE	EDUCATION	CORDOBA	Ph.D. LANGUAGE, LITERACY AND CULTURE	University of Pittsburgh - Main Campus	2009
FLB-CLC	BARRANQUILLA	Caribe	UNIVERSIDAD DEL NORTE	Ph.D.	BACHELOR	MEDICINA	BECA FULBRIGHT-COLCIENCIAS	FEMALE	BIOLOGICAL, AGRICULTURAL & HEALTH SCIENCES	ATLANTICO	BIOTECHNOLOGY	Rutgers, The State University of New Jersey	2004
DU	BUCARAMANGA	Santanderes	UNIVERSIDAD INDUSTRIAL DE SANTANDER	MASTER'S	BACHELOR	MEDICINA	BECA PARA DESARROLLO UNIVERSITARIO	MALE	BIOLOGICAL, AGRICULTURAL & HEALTH SCIENCES	SANTANDER		University of Wisconsin - Madison	2005
SRM	ENVIGADO	Valle Aburra	UNIVERSIDAD EAFIT-	MASTER'S	BACHELOR	ENGINEERING, OTHER	BECA FULBRIGHT - SURAMERICANA	FEMALE	BIOLOGICAL, AGRICULTURAL & HEALTH SCIENCES	ANTIOQUIA	M.S. FOOD SCIENCE AND TECHNOLOGY	Ohio State University	2012
REG	FLORIDABLANCA	Santanderes	UNIVERSIDAD INDUSTRIAL DE SANTANDER	MASTER'S		INDUSTRIAL ENGINEERING	BECA DE POSTGRADO PARA LAS REGIONES	MALE	BUSINESS ADMINISTRATION & MANAGEMENT	SANTANDER	MBA	University of Missouri - Columbia	2012
REG	BUCARAMANGA	Santanderes	UNIVERSIDAD AUTONOMA DE BUCARAMANGA-UNAB-	MASTER'S	BACHELOR	JOURNALISM	BECA DE POSTGRADO PARA LAS REGIONES	MALE	ART & ARCHITECTURE	SANTANDER	MFA MOTION PICTURES	University of Miami	2012
REG	MONTERIA	Caribe	UNIVERSIDAD PONTIFICIA BOLIVARIANA	Ph.D.	BACHELOR	OTHER ENGINEERING	BECA DE POSTGRADO PARA LAS REGIONES	FEMALE	BIOLOGICAL, AGRICULTURAL & HEALTH SCIENCES	CORDOBA	Ph.D. FOOD, AGRICULTURAL AND BIOLOGICAL ENGINEERING	Ohio State University	2012
CALDAS	IBAGUE	Tolima Grande	UNIVERSIDAD DEL TOLIMA	Ph.D.	BACHELOR	ZOOLOGY/ANIMAL BIOLOGY, OTHER	BECA COLCIENCIAS FULBRIGHT	FEMALE	PHYSICAL SCIENCES & MATHEMATICS	TOLIMA	Ph.D. ECOLOGY	Colorado State University	2011
CALDAS	SOACHA	Cundi-Boyacense	UNIVERSIDAD NACIONAL DE COLOMBIA	Ph.D.	BACHELOR	ECONOMICS, GENERAL	BECA COLCIENCIAS FULBRIGHT	MALE	HUMANITIES & SOCIAL SCIENCES	CUNDINAMARCA			2011
CALDAS	BELLO	Valle Aburra	UNIVERSIDAD NACIONAL DE COLOMBIA	Ph.D.	BACHELOR	MECHANICAL ENGINEERING	BECA COLCIENCIAS FULBRIGHT	MALE	ENGINEERING & APPLIED SCIENCES	ANTIOQUIA			2011
REG	BUCARAMANGA	Santanderes	UNIVERSIDAD INDUSTRIAL DE SANTANDER	Ph.D.	BACHELOR	ECOLOGY	BECA DE POSTGRADO PARA LAS REGIONES	FEMALE	BIOLOGICAL, AGRICULTURAL & HEALTH SCIENCES	SANTANDER	Ph.D. PLANT BIOLOGY	University of Vermont	2012
REG	PEREIRA	Eje Cafetero	UNIVERSIDAD DE CALDAS	Ph.D.	BACHELOR	BIOCHEMISTRY	BECA DE POSTGRADO PARA LAS REGIONES	FEMALE	BIOLOGICAL, AGRICULTURAL & HEALTH SCIENCES	RISARALDA	Ph.D. MICROBIOLOGY	Montana State University - Bozeman	2012
REG	TUNJA	Cundi-Boyacense	UNIVERSIDAD DE LOS ANDES	Ph.D.	BACHELOR	BIOLOGY/BIOLOGICAL SCIENCES, GENERAL	BECA DE POSTGRADO PARA LAS REGIONES	FEMALE	BIOLOGICAL, AGRICULTURAL & HEALTH SCIENCES	BOYACA	Ph.D. MOLECULAR GENETICS	University of Missouri - Columbia	2012
CALDAS	SOACHA	Cundi-Boyacense	UNIVERSIDAD NACIONAL DE COLOMBIA	Ph.D.	BACHELOR	ECONOMICS, GENERAL	BECA COLCIENCIAS FULBRIGHT	MALE	HUMANITIES & SOCIAL SCIENCES	CUNDINAMARCA	Ph.D. ECONOMICS	University of Kansas	2012
PETRO	BUCARAMANGA	Santanderes	UNIVERSIDAD INDUSTRIAL DE SANTANDER	Ph.D.	BACHELOR	BIOLOGY/BIOLOGICAL SCIENCES, GENERAL	BECA PARA EL DESARROLLO DE LAS REGIONES PETROLERAS	FEMALE	BIOLOGICAL, AGRICULTURAL & HEALTH SCIENCES	SANTANDER	Ph.D. MOLECULAR PLANT SCIENCES	Washington State University	2012
PETRO	BUCARAMANGA	Santanderes	UNIVERSIDAD AUTONOMA DE BUCARAMANGA-UNAB-	MASTER'S	BACHELOR	BUSINESS ADMINISTRATION AND MANAGEMENT, GENERAL	BECA PARA EL DESARROLLO DE LAS REGIONES PETROLERAS	FEMALE	BIOLOGICAL, AGRICULTURAL & HEALTH SCIENCES	SANTANDER	M.S. ENVIRONMENTAL SCIENCE	SUNY College of Environmental Science and Forestry	2012
CERR	RIOHACHA	Caribe	UNIVERSIDAD METROPOLITANA	MASTER'S	BACHELOR	CLINICAL/MEDICAL LABORATORY ASSISTANT	BECA FULBRIGHT - CERREJON PARA LA GUAJIRA	FEMALE	BIOLOGICAL, AGRICULTURAL & HEALTH SCIENCES	LA GUAJIRA	M.S. PATHOLOGY AND MICROBIOLOGY	University of Nebraska at Omaha	2012
PETRO	YOPAL	Llanos Orientales	UNIVERSIDAD DISTRITAL-FRANCISCO JOSE DE CALDAS	MASTER'S	BACHELOR	ELECTRICAL, ELECTRONICS AND COMMUNICATIONS ENGINEERING	BECA PARA EL DESARROLLO DE LAS REGIONES PETROLERAS	MALE	ENGINEERING & APPLIED SCIENCES	CASANARE	M.S. ELECTRICAL AND COMPUTER ENGINEERING	Northeastern University	2012
PETRO	GIRON	Santanderes	UNIVERSIDAD INDUSTRIAL DE SANTANDER	MASTER'S	BACHELOR	GEOLOGY/EARTH SCIENCE, GENERAL	BECA PARA EL DESARROLLO DE LAS REGIONES PETROLERAS	FEMALE	PHYSICAL SCIENCES & MATHEMATICS	SANTANDER	M.S. GEOLOGY	University of Oklahoma	2012
ARTS	BUCARAMANGA	Santanderes	UNIVERSIDAD INDUSTRIAL DE SANTANDER	MASTER'S	BACHELOR	INDUSTRIAL ENGINEERING	BECA FULBRIGHT - MINCULTURA PARA ARTISTAS	FEMALE	ART & ARCHITECTURE	SANTANDER	MFA DANCE	University of Illinois at Urbana-Champaign	2012
AMZ	LETICIA	Amazonia	UNIVERSIDAD DE LOS ANDES	MASTER'S	BACHELOR	PSICOLOGIA	BECA PARA EL ESTUDIO DE LA CUENCA AMAZONICA	MALE	HUMANITIES & SOCIAL SCIENCES	AMAZONAS		University of Illinois at Urbana-Champaign	1999
S&T	PEREIRA	Eje Cafetero	UNIVERSIDAD TECNOLOGICA DE PEREIRA - UTP	Ph.D.	BACHELOR	INGENIERO DE SISTEMAS Y COMPUTACION	BECA INTERNACIONAL DE CIENCIA Y TECNOLOGIA	MALE	ENGINEERING & APPLIED SCIENCES	RISARALDA	Ph.D. COMPUTER SCIENCE	University of Maryland - College Park	2008
TEP	BUCARAMANGA	Santanderes	UNIVERSIDAD AUTONOMA DE BUCARAMANGA-UNAB-	INV & DOC	BACHELOR	EDUCACION	TEACHER EXCHANGE PROGRAM	FEMALE	EDUCATION	SANTANDER		University of North Dakota	2009
TEP	BARRANQUILLA	Caribe	UNIVERSIDAD DEL ATLANTICO	INV & DOC	BACHELOR	LENGUAS MODERNAS	TEACHER EXCHANGE PROGRAM	MALE	EDUCATION	ATLANTICO		University of North Dakota	2009
TEP	CHIA	Cundi-Boyacense	PONTIFICIA UNIVERSIDAD JAVERIANA	INV & DOC	BACHELOR	LENGUAS MODERNAS	TEACHER EXCHANGE PROGRAM	FEMALE	EDUCATION	CUNDINAMARCA		University of Nebraska - Lincoln	2009
TEP	MANIZALES	Eje Cafetero	UNIVERSIDAD DE CALDAS	INV & DOC	BACHELOR	LENGUAS MODERNAS	TEACHER EXCHANGE PROGRAM	FEMALE	EDUCATION	CALDAS		Purdue University	2009
TEP	MONTERIA	Caribe	UNIVERSIDAD DE CORDOBA	INV & DOC	BACHELOR	EDUCACION	TEACHER EXCHANGE PROGRAM	FEMALE	EDUCATION	CORDOBA		University of Nebraska - Lincoln	2009
FLTA	TUNJA	Cundi-Boyacense	UNIVERSIDAD PEDAGOGICA NACIONAL	INV & DOC	BACHELOR	LICENCIADO EN ESPAÑOL E INGLES	BECA PROFESOR COLOMBIANO DE INGLES	MALE	EDUCATION	BOYACA		University of Alabama at Birmingham	2009
CALDAS	BELLO	Valle Aburra	UNIVERSIDAD NACIONAL DE COLOMBIA	Ph.D.	BACHELOR	MECHANICAL ENGINEERING	BECA COLCIENCIAS FULBRIGHT	MALE	ENGINEERING & APPLIED SCIENCES	ANTIOQUIA	Ph.D. MECHANICAL ENGINEERING	Florida State University	2012
CALDAS	POPAYAN	Sur Occidente	UNIVERSIDAD DEL CAUCA	Ph.D.	BACHELOR	BIOLOGY/BIOLOGICAL SCIENCES, GENERAL	BECA COLCIENCIAS FULBRIGHT	FEMALE	BIOLOGICAL, AGRICULTURAL & HEALTH SCIENCES	CAUCA	Ph.D. MICROBIOLOGY AND CELL SCIENCE	University of Florida	2012
CALDAS	BUCARAMANGA	Santanderes	UNIVERSIDAD INDUSTRIAL DE SANTANDER	Ph.D.	BACHELOR	COMPUTER ENGINEERING, GENERAL	BECA COLCIENCIAS FULBRIGHT	MALE	ENGINEERING & APPLIED SCIENCES	SANTANDER	Ph.D. ELECTRICAL AND COMPUTER ENGINEERING	University of Delaware	2012
CALDAS	CALDAS	Eje Cafetero	UNIVERSIDAD DE ANTIOQUIA	Ph.D.	BACHELOR	MATHEMATICS TEACHER EDUCATION	BECA COLCIENCIAS FULBRIGHT	MALE	PHYSICAL SCIENCES & MATHEMATICS	CALDAS			2012
CLC- FLB	BUCARAMANGA	Santanderes	UNIVERSIDAD EL BOSQUE	Ph.D.	BACHELOR	MEDICINE (MD)	BECA COLCIENCIAS FULBRIGHT	FEMALE	BIOLOGICAL, AGRICULTURAL & HEALTH SCIENCES	SANTANDER	Ph.D. EPIDEMIOLOGY	University of Florida	2013
CALDAS	BUCARAMANGA	Santanderes	UNIVERSIDAD NACIONAL ABIERTA Y A DISTANCIA UNAD	Ph.D.	MASTER'S	PUBLIC HEALTH, OTHER	BECA COLCIENCIAS FULBRIGHT	FEMALE	BIOLOGICAL, AGRICULTURAL & HEALTH SCIENCES	SANTANDER			2012
SRM	ENVIGADO	Valle Aburra	UNIVERSIDAD EAFIT-	MASTER'S	BACHELOR	ACCOUNTING AND BUSINESS/MANAGEMENT	BECA FULBRIGHT - SURAMERICANA	MALE	BUSINESS ADMINISTRATION & MANAGEMENT	ANTIOQUIA	MBA	Georgia Institute of Technology - Main Campus	2013
FLB-LSP	BARRANQUILLA	Caribe	UNIVERSIDAD DEL NORTE	MASTER'S	BACHELOR	ADMINISTRACION DE EMPRESAS	BECA FULBRIGHT-LASPAU	MALE	BUSINESS ADMINISTRATION & MANAGEMENT	ATLANTICO	MARKETING	Indiana University Bloomington	1976
FLB-LSP	CUCUTA	Santanderes	UNIVERSIDAD NACIONAL DE COLOMBIA	MASTER'S	BACHELOR	ADMINISTRACION DE EMPRESAS	BECA FULBRIGHT-LASPAU	MALE	HUMANITIES & SOCIAL SCIENCES	NORTE DE SANTANDER		Western Michigan University	1986
DU	BUCARAMANGA	Santanderes	UNIVERSIDAD AUTONOMA DE BUCARAMANGA-UNAB-	MASTER'S	BACHELOR	ADMINISTRACION DE EMPRESAS	BECA PARA DESARROLLO UNIVERSITARIO	FEMALE	EDUCATION	SANTANDER		Columbia University in the City of New York	2001
LID	QUIBDO	Pacifico	UNIVERSIDAD TECNOLOGICA DE BOLIVAR	MASTER'S	BACHELOR	AGRICULTURAL/BIOLOGICAL ENGINEERING AND BIOENGINEERING	BECA PARA LIDERES AFRODESCENDIENTES	MALE	BIOLOGICAL, AGRICULTURAL & HEALTH SCIENCES	CHOCO	M.S. AGRICULTURAL ECONOMICS	University of Nebraska - Lincoln	2013
CLC- FLB	LA ESTRELLA	Valle Aburra	UNIVERSIDAD NACIONAL DE COLOMBIA	Ph.D.	BACHELOR	AGRICULTURAL/BIOLOGICAL ENGINEERING AND BIOENGINEERING	BECA COLCIENCIAS FULBRIGHT	FEMALE	ENGINEERING & APPLIED SCIENCES	ANTIOQUIA	WATER RESOURCES ENGINEERING	North Carolina State University	2013
PAS	PASTO	Sur Occidente	UNIVERSIDAD DE NARIÑO	INV & DOC	BACHELOR	AGRONOMIA	BECA PARA PASANTIAS DE INVESTIGACION	MALE	BIOLOGICAL, AGRICULTURAL & HEALTH SCIENCES	NARIÑO		Ferris State University	1992
JWF	LETICIA	Amazonia	UNIVERSIDAD DE ANTIOQUIA	MASTER'S	BACHELOR	ANTROPOLOGIA	BECA J. WILLIAM FULBRIGHT	MALE	HUMANITIES & SOCIAL SCIENCES	AMAZONAS		The New School	1987
FLB-LSP	FLORIDABLANCA	Santanderes	UNIVERSIDAD DEL CAUCA	MASTER'S	BACHELOR	ANTROPOLOGIA	BECA FULBRIGHT-LASPAU	FEMALE	HUMANITIES & SOCIAL SCIENCES	SANTANDER		University of Pittsburgh - Main Campus	1989
JWF	BARRANQUILLA	Caribe	UNIVERSIDAD AUTONOMA DEL CARIBE- UNIAUTONOMA	MASTER'S	BACHELOR	ARQUITECTURA	BECA J. WILLIAM FULBRIGHT	FEMALE	ART & ARCHITECTURE	ATLANTICO	LANDSCAPE ARCHITECTURE	SUNY College of Environmental Science and Forestry	1991
LID	SAN ANDRES	Caribe	UNIVERSIDAD AUTONOMA DEL CARIBE- UNIAUTONOMA	MASTER'S	BACHELOR	AUDIOVISUAL COMMUNICATIONS TECHNOLOGIES/TECHNICIANS, OTHER	BECA PARA LIDERES AFRODESCENDIENTES	MALE	ART & ARCHITECTURE	ARCHIPIELAGO DE SAN ANDRES, PROVIDENCIA Y SANTA CATALINA	M.A. TELEVISION, FILM AND NEW MEDIA	San Diego State University	2013
CERR	VALLEDUPAR	Caribe	UNIVERSIDAD DEL ATLANTICO	MASTER'S	BACHELOR	BILINGUAL, MULTILINGUAL, AND MULTICULTURAL EDUCATION, OTHER	BECA FULBRIGHT - CERREJON PARA LA GUAJIRA	FEMALE	EDUCATION	CESAR	M.A. TEACHING ENGLISH AS A SECOND LANGUAGE	Southern Illinois University Edwardsville	2013
VS	SANTA MARTA	Caribe	FUNDACION UNIVERSIDAD DE BOGOTA - JORGE TADEO LOZANO	INV & DOC	BACHELOR	BIOCHEMISTRY, BIOPHYSICS AND MOLECULAR BIOLOGY, OTHER	BECA PROFESOR INVESTIGADOR VISITANTE COLOMBIANO	FEMALE	BIOLOGICAL, AGRICULTURAL & HEALTH SCIENCES	MAGDALENA	MARINE BIOLOGY	WOODS HOLE OCEANOGRAPHIC INSTITUTION	2013
FLB-LSP	POPAYAN	Sur Occidente	UNIVERSIDAD DEL CAUCA	MASTER'S	BACHELOR	BIOLOGIA	BECA FULBRIGHT-LASPAU	MALE	BIOLOGICAL, AGRICULTURAL & HEALTH SCIENCES	CAUCA		University of Mississippi	1985
FLB-CLC	POPAYAN	Sur Occidente	UNIVERSIDAD DEL CAUCA	Ph.D.	BACHELOR	BIOLOGIA	BECA FULBRIGHT-COLCIENCIAS	FEMALE	BIOLOGICAL, AGRICULTURAL & HEALTH SCIENCES	CAUCA	TOXICOLOGY	The University of Texas Medical Branch	1996
FLB-CLC	POPAYAN	Sur Occidente	UNIVERSIDAD DEL CAUCA	Ph.D.	BACHELOR	BIOLOGIA	BECA FULBRIGHT-COLCIENCIAS	MALE	BIOLOGICAL, AGRICULTURAL & HEALTH SCIENCES	CAUCA	TOXICOLOGY	The University of Texas Medical Branch	1996
ARTS	BUCARAMANGA	Santanderes	UNIVERSIDAD DE LOS ANDES	MASTER'S	BACHELOR	BIOLOGIA	BECA FULBRIGHT - MINCULTURA PARA ARTISTAS	FEMALE	ART & ARCHITECTURE	SANTANDER	DANCE	University of Utah	2007
EST. CUL	SANTA MARTA	Caribe	FUNDACION UNIVERSIDAD DE BOGOTA - JORGE TADEO LOZANO	MASTER'S	BACHELOR	BIOLOGIA MARINA	BECA DE ESTUDIOS CULTURALES PARA COMUNIDADES AFRODESCENDIENTES E INDIGENAS	FEMALE	BIOLOGICAL, AGRICULTURAL & HEALTH SCIENCES	MAGDALENA	M.S. WATER, WETLANDS AND MARINE RESOURCES MANAGEMENT	University of South Florida	2009
AMZ	LETICIA	Amazonia	FUNDACION UNIVERSIDAD DE BOGOTA - JORGE TADEO LOZANO	MASTER'S	BACHELOR	BIOLOGIA MARINA	BECA PARA EL ESTUDIO DE LA CUENCA AMAZONICA	MALE	BIOLOGICAL, AGRICULTURAL & HEALTH SCIENCES	AMAZONAS		SUNY College of Environmental Science and Forestry	1994
JWF	SANTA MARTA	Caribe	FUNDACION UNIVERSIDAD DE BOGOTA - JORGE TADEO LOZANO	Ph.D.	BACHELOR	BIOLOGIA MARINA	BECA J. WILLIAM FULBRIGHT	MALE	BIOLOGICAL, AGRICULTURAL & HEALTH SCIENCES	MAGDALENA	MARINE BIOLOGY	University of Texas at Austin	1984
FLB-LSP	QUIBDO	Pacifico	UNIVERSIDAD PEDAGOGICA Y TECNOLOGICA DE COLOMBIA - UPTC	MASTER'S	BACHELOR	BIOLOGIA Y QUIMICA	BECA FULBRIGHT-LASPAU	MALE	PHYSICAL SCIENCES & MATHEMATICS	CHOCO		Ball State University	1981
FLB-LSP	NEIVA	Tolima Grande	UNIVERSIDAD NACIONAL DE COLOMBIA	Ph.D.	BACHELOR	BIOLOGIA Y QUIMICA	BECA FULBRIGHT-LASPAU	MALE	BIOLOGICAL, AGRICULTURAL & HEALTH SCIENCES	HUILA	FISHERIES	Virginia Polytechnic Institute and State University	1993
PETRO	CAJICA	Cundi-Boyacense	UNIVERSIDAD MILITAR-NUEVA GRANADA	MASTER'S	BACHELOR	BIOLOGY	BECA PARA EL DESARROLLO DE LAS REGIONES PETROLERAS	MALE	BIOLOGICAL, AGRICULTURAL & HEALTH SCIENCES	CUNDINAMARCA	M.S. ENTOMOLOGY	Michigan State University	2015
CLC- FLB	ENVIGADO	Valle Aburra	ESCUELA DE INGENIERIA DE ANTIOQUIA EIA	Ph.D.	BACHELOR	BIOMEDICAL/MEDICAL ENGINEERING	BECA COLCIENCIAS FULBRIGHT	FEMALE	BIOLOGICAL, AGRICULTURAL & HEALTH SCIENCES	ANTIOQUIA	Ph.D. BIOENGINEERING	University of Pittsburgh - Main Campus	2014
SRM	ENVIGADO	Valle Aburra	UNIVERSIDAD EAFIT-	MASTER'S	BACHELOR	BUSINESS ADMINISTRATION AND MANAGEMENT, GENERAL	BECA FULBRIGHT - SURAMERICANA	FEMALE	BUSINESS ADMINISTRATION & MANAGEMENT	ANTIOQUIA	M.A. HUMAN RESOURCES AND INDUSTRIAL RELATIONS	University of Minnesota Medical Center - Fairview	2013
LID	QUIBDO	Pacifico	UNIVERSIDAD PONTIFICIA BOLIVARIANA	MASTER'S	BACHELOR	CHEMICAL ENGINEERING	BECA PARA LIDERES AFRODESCENDIENTES	MALE	ENGINEERING & APPLIED SCIENCES	CHOCO	M.S. CHEMICAL ENGINEERING	University of Illinois at Chicago	2014
PETRO	YOPAL	Llanos Orientales	UNIVERSIDAD INDUSTRIAL DE SANTANDER	Ph.D.	BACHELOR	CHEMICAL ENGINEERING	BECA PARA EL DESARROLLO DE LAS REGIONES PETROLERAS	MALE	ENGINEERING & APPLIED SCIENCES	CASANARE	Ph.D. CHEMICAL ENGINEERING	Purdue University	2013
CLC- FLB	FLORIDABLANCA	Santanderes	UNIVERSIDAD INDUSTRIAL DE SANTANDER	Ph.D.	BACHELOR	CHEMICAL ENGINEERING	BECA COLCIENCIAS FULBRIGHT	MALE	ENGINEERING & APPLIED SCIENCES	SANTANDER	Ph.D. CHEMICAL ENGINEERING	Washington State University	2014
CLC- FLB	ENVIGADO	Valle Aburra	UNIVERSIDAD DE ANTIOQUIA	Ph.D.	BACHELOR	CHEMISTRY, GENERAL	BECA COLCIENCIAS FULBRIGHT	MALE	PHYSICAL SCIENCES & MATHEMATICS	ANTIOQUIA	Ph.D. POLYMER SCIENCE AND ENGINEERING	University of Massachusetts Amherst	2013
PETRO	BUCARAMANGA	Santanderes	UNIVERSIDAD INDUSTRIAL DE SANTANDER	MASTER'S	BACHELOR	CHEMISTRY, GENERAL	BECA PARA EL DESARROLLO DE LAS REGIONES PETROLERAS	FEMALE	BIOLOGICAL, AGRICULTURAL & HEALTH SCIENCES	SANTANDER	M.S. FOOD SCIENCE AND TECHNOLOGY	Ohio State University	2014
FLB-LSP	ARMENIA	Eje Cafetero	UNIVERSIDAD DEL QUINDIO	MASTER'S	BACHELOR	CIENCIAS SOCIALES	BECA FULBRIGHT-LASPAU	MALE	HUMANITIES & SOCIAL SCIENCES	QUINDIO	LATIN AMERICAN HISTORY	University of Pittsburgh - Main Campus	1981
SIR	TUNJA	Cundi-Boyacense	UNIVERSIDAD PEDAGOGICA Y TECNOLOGICA DE COLOMBIA - UPTC	INV & DOC	BACHELOR	CIENCIAS SOCIALES	BECA PROFESOR COLOMBIANO EN RESIDENCIA	MALE	HUMANITIES & SOCIAL SCIENCES	BOYACA		University of Alabama at Birmingham	1983
CLC- FLB	BUCARAMANGA	Santanderes	UNIVERSIDAD INDUSTRIAL DE SANTANDER	Ph.D.	BACHELOR	CIVIL ENGINEERING	BECA COLCIENCIAS FULBRIGHT	MALE	ENGINEERING & APPLIED SCIENCES	SANTANDER	Ph.D. CIVIL AND ENVIRONMENTAL ENGINEERING	University of Nevada - Reno	2015
PETRO	BUCARAMANGA	Santanderes	UNIVERSIDAD DE LOS ANDES	Ph.D.	BACHELOR	CIVIL ENGINEERING	BECA PARA EL DESARROLLO DE LAS REGIONES PETROLERAS	FEMALE	ENGINEERING & APPLIED SCIENCES	SANTANDER	Ph.D. BUILDING CONSTRUCTION	Georgia Institute of Technology - Main Campus	2013
CLC- FLB	RIOSUCIO	Eje Cafetero	UNIVERSIDAD NACIONAL DE COLOMBIA	Ph.D.	BACHELOR	CIVIL ENGINEERING, GENERAL	BECA COLCIENCIAS FULBRIGHT	MALE	ENGINEERING & APPLIED SCIENCES	CALDAS	Ph.D. CIVIL AND ENVIRONMENTAL ENGINEERING	University of California, Berkeley	2013
ARTS	BARRANQUILLA	Caribe	UNIVERSIDAD DEL NORTE	MASTER'S	BACHELOR	COMMUNICATION, JOURNALISM, AND RELATED PROGRAMS, OTHER	BECA FULBRIGHT - MINCULTURA PARA ARTISTAS	FEMALE	ART & ARCHITECTURE	ATLANTICO	MFA PLAYWRITING AND SCREENWRITING	Ohio University - Main Campus	2014
LID	CARTAGENA	Caribe	UNIVERSIDAD DE CARTAGENA	MASTER'S	BACHELOR	COMMUNICATIONS	BECA PARA LIDERES AFRODESCENDIENTES	FEMALE	HUMANITIES & SOCIAL SCIENCES	BOLIVAR	MASTER LATIN AMERICAN STUDIES	Georgetown University	2015
NEXUS	BARRANQUILLA	Caribe	UNIVERSIDAD DEL NORTE	INV & DOC	BACHELOR	COMPUTER SCIENCE	BECA FULBRIGHT NEXUS APPLIED RESEARCH PROGRAM	MALE	ENGINEERING & APPLIED SCIENCES	ATLANTICO		Purdue University	2012
NEXUS	BARRANQUILLA	Caribe	University of South Florida	INV & DOC	DOCTORAL	COMPUTER SYSTEMS NETWORKING AND TELECOMMUNICATIONS	BECA FULBRIGHT NEXUS APPLIED RESEARCH PROGRAM	MALE	ENGINEERING & APPLIED SCIENCES	ATLANTICO		University of Colorado	2011
DU	BARRANQUILLA	Caribe	UNIVERSIDAD AUTONOMA DEL CARIBE- UNIAUTONOMA	Ph.D.	BACHELOR	COMUNICACION SOCIAL	BECA PARA DESARROLLO UNIVERSITARIO	MALE	HUMANITIES & SOCIAL SCIENCES	ATLANTICO		Rutgers, The State University of New Jersey	2000
JWF	BUCARAMANGA	Santanderes	FUNDACION UNIVERSIDAD DE BOGOTA - JORGE TADEO LOZANO	MASTER'S	BACHELOR	COMUNICACION SOCIAL	BECA J. WILLIAM FULBRIGHT	MALE	HUMANITIES & SOCIAL SCIENCES	SANTANDER		University of Iowa	1988
JWF	BARRANQUILLA	Caribe	UNIVERSIDAD AUTONOMA DEL CARIBE- UNIAUTONOMA	MASTER'S		COMUNICACION SOCIAL	BECA J. WILLIAM FULBRIGHT	MALE	HUMANITIES & SOCIAL SCIENCES	ATLANTICO		Ohio University - Main Campus	1992
HHH	BARRANQUILLA	Caribe	UNIVERSIDAD LIBRE	INV & DOC	BACHELOR	DERECHO	BECA HUBERT H. HUMPHREY	FEMALE	LAW	ATLANTICO		University of California, Berkeley	2006
FLB-LSP	BARRANQUILLA	Caribe	UNIVERSIDAD DEL NORTE	MASTER'S	BACHELOR	DERECHO	BECA FULBRIGHT-LASPAU	FEMALE	HUMANITIES & SOCIAL SCIENCES	ATLANTICO		Ohio University - Main Campus	1991
JWF	BUCARAMANGA	Santanderes	UNIVERSIDAD INDUSTRIAL DE SANTANDER	MASTER'S	BACHELOR	DERECHO	BECA J. WILLIAM FULBRIGHT	FEMALE	LAW	SANTANDER	LL.M.	George Washington University, The	2005
JWF	BUCARAMANGA	Santanderes	UNIVERSIDAD AUTONOMA DE BUCARAMANGA-UNAB-	MASTER'S	BACHELOR	DERECHO	BECA J. WILLIAM FULBRIGHT	MALE	LAW	SANTANDER	LL.M.	University of Pennsylvania	1987
FLB-LSP	CARTAGENA	Caribe	UNIVERSIDAD DE CARTAGENA	Ph.D.	BACHELOR	DERECHO-CIENCIA POLITICA	BECA FULBRIGHT-LASPAU	MALE	HUMANITIES & SOCIAL SCIENCES	BOLIVAR		University of Connecticut	1986
JWF	MANIZALES	Eje Cafetero	PONTIFICIA UNIVERSIDAD JAVERIANA	Ph.D.	BACHELOR	ECOLOGIA	BECA J. WILLIAM FULBRIGHT	FEMALE	BIOLOGICAL, AGRICULTURAL & HEALTH SCIENCES	CALDAS	Ph.D. CONSERVATION BIOLOGY	University of Central Florida	2009
JWF	BARRANQUILLA	Caribe	UNIVERSIDAD DEL ATLANTICO	MASTER'S	BACHELOR	ECONOMIA	BECA J. WILLIAM FULBRIGHT	MALE	HUMANITIES & SOCIAL SCIENCES	ATLANTICO		Southern Illinois University Edwardsville	1983
JWF	PALMIRA	Sur Occidente	UNIVERSIDAD DEL VALLE	Ph.D.	BACHELOR	ECONOMIA	BECA J. WILLIAM FULBRIGHT	MALE	BIOLOGICAL, AGRICULTURAL & HEALTH SCIENCES	VALLE DEL CAUCA	AGRICULTURAL ECONOMICS	Purdue University	1977
DUR	ENVIGADO	Valle Aburra	UNIVERSIDAD EAFIT-	Ph.D.	BACHELOR	ECONOMICS	BECA DESARROLLO UNIVERSITARIO REGIONAL (REG)	FEMALE	EDUCATION	ANTIOQUIA	EDUCATIONAL POLICY	University of Missouri - Columbia	2015
DUR	CARTAGENA	Caribe	UNIVERSIDAD TECNOLOGICA DE BOLIVAR	Ph.D.	BACHELOR	ECONOMICS	BECA DESARROLLO UNIVERSITARIO REGIONAL (REG)	MALE	HUMANITIES & SOCIAL SCIENCES	BOLIVAR	Ph.D. AGRICULTURAL AND APPLIED ECONOMICS	University of Georgia	2015
JWF	SAN ANDRES	Caribe	CORPORACION UNIVERSIDAD DE LA COSTA CUC	MASTER'S	BACHELOR	EDUCACION	BECA J. WILLIAM FULBRIGHT	FEMALE	EDUCATION	ARCHIPIELAGO DE SAN ANDRES, PROVIDENCIA Y SANTA CATALINA	EDUCATIONAL ADMINISTRATION	University of North Florida	1998
TEP	MANIZALES	Eje Cafetero	UNIVERSIDAD DE CALDAS	INV & DOC	BACHELOR	EDUCACION	TEACHER EXCHANGE PROGRAM	FEMALE	EDUCATION	CALDAS		EASTMOOR ACADEMY	2005
FLB-LSP	PAMPLONA	Santanderes	UNIVERSIDAD DE PAMPLONA	MASTER'S	BACHELOR	EDUCACION	BECA FULBRIGHT-LASPAU	MALE	EDUCATION	NORTE DE SANTANDER	EDUCATIONAL/INSTRUCTIONAL MEDIA DESIGN	Miami University	1979
FLB-LSP	PAMPLONA	Santanderes	UNIVERSIDAD DE PAMPLONA	MASTER'S	BACHELOR	EDUCACION	BECA FULBRIGHT-LASPAU	MALE	EDUCATION	NORTE DE SANTANDER	EDUCATIONAL/INSTRUCTIONAL MEDIA DESIGN	University of Northern Iowa	1985
FLB-LSP	PAMPLONA	Santanderes	UNIVERSIDAD DE PAMPLONA	MASTER'S	BACHELOR	EDUCACION	BECA FULBRIGHT-LASPAU	MALE	EDUCATION	NORTE DE SANTANDER	SPECIAL EDUCATION	Miami University	1986
TEP	ARMENIA	Eje Cafetero	UNIVERSIDAD DEL QUINDIO	INV & DOC	BACHELOR	EDUCACION	TEACHER EXCHANGE PROGRAM	FEMALE	EDUCATION	QUINDIO		BECK MIDDLE SCHOOL	2005
TEP	PEREIRA	Eje Cafetero	UNIVERSIDAD TECNICA DEL NORTE, IBARRA	INV & DOC	BACHELOR	EDUCACION	TEACHER EXCHANGE PROGRAM	MALE	EDUCATION	RISARALDA		MARTTAWAN MIDDLE SCHOOL	1998
TEP	BUCARAMANGA	Santanderes	UNIVERSIDAD INDUSTRIAL DE SANTANDER	INV & DOC	BACHELOR	EDUCACION	TEACHER EXCHANGE PROGRAM	FEMALE	EDUCATION	SANTANDER		GARBER HIGH SCHOOL	1988
TEP	ARMENIA	Eje Cafetero	UNIVERSIDAD DEL QUINDIO	INV & DOC	BACHELOR	EDUCACION-LENGUAS	TEACHER EXCHANGE PROGRAM	FEMALE	EDUCATION	QUINDIO		PRESTON PLAINS SCHOOL	1994
TEP	PEREIRA	Eje Cafetero	UNIVERSIDAD TECNICA DEL NORTE, IBARRA	INV & DOC	BACHELOR	EDUCACION-LENGUAS	TEACHER EXCHANGE PROGRAM	MALE	EDUCATION	RISARALDA		WASHINGTON IRVING MIDDLE SCHOOL	1997
LID	BUCARAMANGA	Santanderes	UNIVERSIDAD AUTONOMA DE BUCARAMANGA-UNAB-	MASTER'S	BACHELOR	EDUCATION, GENERAL	BECA PARA LIDERES AFRODESCENDIENTES	FEMALE	EDUCATION	SANTANDER	EDUCATIONAL/INSTRUCTIONAL MEDIA DESIGN	University of Kansas	2014
FLTA	PASTO	Sur Occidente	UNIVERSIDAD DE NARIÑO	INV & DOC	BACHELOR	EDUCATION: ENGLISH AND FRENCH	BECA PROFESOR COLOMBIANO DE INGLES	MALE	EDUCATION	NARIÑO	LANGUAGE TEACHING ASSISTANT	Pacific University	2015
CALDAS	YOTOCO	Sur Occidente	UNIVERSIDAD DEL VALLE	Ph.D.	BACHELOR	ELECTRICAL & ELECTRONIC ENGINEERING TECHNOLOGIES	BECA COLCIENCIAS FULBRIGHT	MALE	ENGINEERING & APPLIED SCIENCES	VALLE DEL CAUCA			2012
CALDAS	YOTOCO	Sur Occidente	UNIVERSIDAD DEL VALLE	Ph.D.	BACHELOR	ELECTRICAL & ELECTRONIC ENGINEERING TECHNOLOGIES	BECA COLCIENCIAS FULBRIGHT	MALE	ENGINEERING & APPLIED SCIENCES	VALLE DEL CAUCA			2013
CALDAS	YOTOCO	Sur Occidente	UNIVERSIDAD DEL VALLE	Ph.D.	BACHELOR	ELECTRICAL & ELECTRONIC ENGINEERING TECHNOLOGIES	BECA COLCIENCIAS FULBRIGHT	MALE	ENGINEERING & APPLIED SCIENCES	VALLE DEL CAUCA	Ph.D. ELECTRICAL AND COMPUTER ENGINEERING	Georgia Institute of Technology - Main Campus	2014
PETRO	BARRANQUILLA	Caribe	UNIVERSIDAD DEL NORTE	Ph.D.	BACHELOR	ELECTRICAL AND ELECTRONIC ENGINEERING TECHNOLOGIES	BECA PARA EL DESARROLLO DE LAS REGIONES PETROLERAS	MALE	ENGINEERING & APPLIED SCIENCES	ATLANTICO	Ph.D. BIOMEDICAL INFORMATICS	University of Pittsburgh - Main Campus	2014
CLC- FLB	SABANETA	Valle Aburra	UNIVERSIDAD DE SAN BUENAVENTURA	Ph.D.	BACHELOR	ELECTRICAL, ELECTRONICS AND COMMUNICATIONS ENGINEERING	BECA COLCIENCIAS FULBRIGHT	MALE	ENGINEERING & APPLIED SCIENCES	ANTIOQUIA	Ph.D. ELECTRICAL AND COMPUTER ENGINEERING	Rice University	2014
REG	PASTO	Sur Occidente	UNIVERSIDAD DEL CAUCA	Ph.D.	BACHELOR	ELECTRICAL, ELECTRONICS AND COMMUNICATIONS ENGINEERING	BECA DE POSTGRADO PARA LAS REGIONES	MALE	ENGINEERING & APPLIED SCIENCES	NARIÑO	Ph.D. ELECTRICAL ENGINEERING	Ohio State University	2013
CALDAS	PEREIRA	Eje Cafetero	PONTIFICIA UNIVERSIDAD JAVERIANA	Ph.D.	BACHELOR	ELECTRICAL, ELECTRONICS AND COMMUNICATIONS ENGINEERING	BECA COLCIENCIAS FULBRIGHT	MALE	ENGINEERING & APPLIED SCIENCES	RISARALDA	Ph.D. ELECTRICAL ENGINEERING	Purdue University	2012
DUR	BARRANQUILLA	Caribe	UNIVERSIDAD DEL NORTE	Ph.D.	BACHELOR	ELECTRONIC ENGINEERING	BECA DESARROLLO UNIVERSITARIO REGIONAL (REG)	MALE	ENGINEERING & APPLIED SCIENCES	ATLANTICO	Ph.D. ELECTRICAL ENGINEERING	The University of Texas at Dallas	2015
FLB-LSP	VILLAVICENCIO	Llanos Orientales	UNIVERSIDAD NACIONAL DE COLOMBIA	MASTER'S	BACHELOR	ENFERMERIA	BECA FULBRIGHT-LASPAU	FEMALE	BIOLOGICAL, AGRICULTURAL & HEALTH SCIENCES	META		University of Hawaii at Manoa	1992
CLC- FLB	NEIVA	Tolima Grande	UNIVERSIDAD DEL CAUCA	Ph.D.	BACHELOR	ENGINEERING PHYSICS	BECA COLCIENCIAS FULBRIGHT	MALE	ENGINEERING & APPLIED SCIENCES	HUILA	Ph.D. ELECTRICAL ENGINEERING	Florida State University	2013
DUR	PEREIRA	Eje Cafetero	UNIVERSIDAD TECNOLOGICA DE PEREIRA - UTP	MASTER'S	BACHELOR	ENGLISH	BECA DESARROLLO UNIVERSITARIO REGIONAL (REG)	MALE	EDUCATION	RISARALDA	M.A. TESOL	University of Illinois at Urbana-Champaign	2015
TEP	ZIPAQUIRA	Cundi-Boyacense	UNIVERSIDAD INCCA DE COLOMBIA	INV & DOC	BACHELOR	ENGLISH	TEACHER EXCHANGE PROGRAM	FEMALE	EDUCATION	CUNDINAMARCA		CESAR CHAVEZ MIDDLE SCHOOL	2006
TEP	PALMIRA	Sur Occidente	UNIVERSIDAD DEL VALLE	INV & DOC	BACHELOR	ENGLISH	TEACHER EXCHANGE PROGRAM	FEMALE	EDUCATION	VALLE DEL CAUCA		GUILFORD HIGH SCHOOL	2006
TEP	MANIZALES	Eje Cafetero	UNIVERSIDAD DE CALDAS	INV & DOC	BACHELOR	ENGLISH - HUMANITIES	TEACHER EXCHANGE PROGRAM	MALE	EDUCATION	CALDAS		LUELLA HIGH SCHOOL, LOCUST GROVE	2008
FLTA	QUIBDO	Pacifico	UNIVERSIDAD TECNOLOGICA DEL CHOCO-DIEGO LUIS CORDOBA	INV & DOC	BACHELOR	ENGLISH AND FRENCH	BECA PROFESOR COLOMBIANO DE INGLES	FEMALE	EDUCATION	CHOCO	TEACHING ASSISTANTS/AIDES	University of St. Thomas	2014
FLTA	BUCARAMANGA	Santanderes	UNIVERSIDAD INDUSTRIAL DE SANTANDER	INV & DOC	BACHELOR	ENGLISH LANGUAGE TEACHING	BECA PROFESOR COLOMBIANO DE INGLES	FEMALE	EDUCATION	SANTANDER	TEACHING ASSISTANTS/AIDES	Ursinus College	2014
SALD. CON	BUCARAMANGA	Santanderes	UNIVERSIDAD INDUSTRIAL DE SANTANDER	MASTER'S	BACHELOR	ENGLISH/LANGUAGE ARTS TEACHER EDUCATION	BECA FULBRIGHT - SALDARRIAGA CONCHA	FEMALE	EDUCATION	SANTANDER	FOREIGN LANGUAGE TEACHER EDUCATION	Southern Illinois University Carbondale	2013
CLC- FLB	COPACABANA	Valle Aburra	UNIVERSIDAD DE ANTIOQUIA	Ph.D.	BACHELOR	ENTOMOLOGY	BECA COLCIENCIAS FULBRIGHT	MALE	BIOLOGICAL, AGRICULTURAL & HEALTH SCIENCES	ANTIOQUIA	Ph.D. ENTOMOLOGY	Pennsylvania State University	2013
REG	BUCARAMANGA	Santanderes	UNIVERSIDAD PONTIFICIA BOLIVARIANA	Ph.D.	BACHELOR	ENVIRONMENTAL ENGINEERING	BECA DE POSTGRADO PARA LAS REGIONES	MALE	ENGINEERING & APPLIED SCIENCES	SANTANDER	Ph.D. CIVIL AND ENVIRONMENTAL ENGINEERING	Pennsylvania State University	2014
FLB-LSP	CARTAGENA	Caribe	UNIVERSIDAD DE CARTAGENA	MASTER'S	BACHELOR	FARMACOLOGIA	BECA FULBRIGHT-LASPAU	MALE	BIOLOGICAL, AGRICULTURAL & HEALTH SCIENCES	BOLIVAR		Washington State University	1979
SIR	BUCARAMANGA	Santanderes	UNIVERSIDAD PEDAGOGICA NACIONAL	INV & DOC	BACHELOR	FILOLOGIA	BECA PROFESOR COLOMBIANO EN RESIDENCIA	FEMALE	HUMANITIES & SOCIAL SCIENCES	SANTANDER		Regis University	1992
TEP	BARRANQUILLA	Caribe	UNIVERSIDAD DEL ATLANTICO	INV & DOC	BACHELOR	FILOLOGIA E IDIOMAS	TEACHER EXCHANGE PROGRAM	FEMALE	EDUCATION	ATLANTICO		ROOSEVELT JUNIOR HIGH SCHOOL	1996
DU	MANIZALES	Eje Cafetero	UNIVERSIDAD DE CALDAS	Ph.D.	BACHELOR	FILOSOFIA	BECA PARA DESARROLLO UNIVERSITARIO	MALE	HUMANITIES & SOCIAL SCIENCES	CALDAS		University of Florida	1999
FLB-LSP	MANIZALES	Eje Cafetero	UNIVERSIDAD DE CALDAS	MASTER'S	BACHELOR	FILOSOFIA	BECA FULBRIGHT-LASPAU	MALE	EDUCATION	CALDAS		University of Iowa	1987
JWF	IBAGUE	Tolima Grande	PONTIFICIA UNIVERSIDAD JAVERIANA	MASTER'S	BACHELOR	FILOSOFIA	BECA J. WILLIAM FULBRIGHT	MALE	EDUCATION	TOLIMA	INSTRUCTIONAL TECHNOLOGY	Syracuse University	1975
JWF	MANIZALES	Eje Cafetero	UNIVERSIDAD DE CALDAS	MASTER'S	BACHELOR	FILOSOIFIA	BECA J. WILLIAM FULBRIGHT	MALE	EDUCATION	CALDAS		Southern Illinois University Carbondale	1980
JWF	PIEDECUESTA	Santanderes	UNIVERSITY OF KHARKOV	MASTER'S	BACHELOR	FISICA	BECA J. WILLIAM FULBRIGHT	MALE	PHYSICAL SCIENCES & MATHEMATICS	SANTANDER	GEOPHYSICS	Stanford University	1995
FLTA	FLORENCIA	Amazonia	UNIVERSIDAD DE LA AMAZONIA	INV & DOC	BACHELOR	FOREIGN LANGUAGE TEACHER EDUCATION	BECA PROFESOR COLOMBIANO DE INGLES	MALE	EDUCATION	CAQUETA	TEACHER ASSISTANT/AIDE	South Dakota State University	2013
FLB-CLC	BARRANQUILLA	Caribe	INSTITUTO PEDAGOGICO DE IDIOMASDE MINSK	Ph.D.	BACHELOR	FOREIGN LANGUAGES	BECA FULBRIGHT-COLCIENCIAS	FEMALE	HUMANITIES & SOCIAL SCIENCES	ATLANTICO		University of Arizona	2003
EST. CUL	CARTAGENA	Caribe	UNIVERSIDAD DE CARTAGENA	Ph.D.	BACHELOR	HISTORIA	BECA DE ESTUDIOS CULTURALES PARA COMUNIDADES AFRODESCENDIENTES E INDIGENAS	MALE	HUMANITIES & SOCIAL SCIENCES	BOLIVAR	LATIN AMERICAN HISTORY	University of Pittsburgh - Main Campus	2009
FLB-LSP	BUCARAMANGA	Santanderes	UNIVERSIDAD DEL VALLE	MASTER'S	BACHELOR	HISTORIA	BECA FULBRIGHT-LASPAU	FEMALE	EDUCATION	SANTANDER	HIGHER EDUCATION/HIGHER EDUCATION ADMINISTRATION	University of Illinois at Urbana-Champaign	1988
PETRO	BUCARAMANGA	Santanderes	UNIVERSIDAD INDUSTRIAL DE SANTANDER	MASTER'S	BACHELOR	HISTORY, GENERAL	BECA PARA EL DESARROLLO DE LAS REGIONES PETROLERAS	MALE	HUMANITIES & SOCIAL SCIENCES	SANTANDER	M.A. HISTORY	SUNY at Binghamton	2013
FLB-LSP	ARMENIA	Eje Cafetero	UNIVERSIDAD NACIONAL DE COLOMBIA	Ph.D.	BACHELOR	IDIOMAS	BECA FULBRIGHT-LASPAU	MALE	HUMANITIES & SOCIAL SCIENCES	QUINDIO	COMPARATIVE LITERATURE	University of North Carolina at Chapel Hill	1987
TEP	BARRANQUILLA	Caribe	UNIVERSIDAD DEL ATLANTICO	INV & DOC	BACHELOR	IDIOMAS	TEACHER EXCHANGE PROGRAM	MALE	EDUCATION	ATLANTICO		WILSON SENIOR HIGH SCHOOL	2006
FLB-LSP	MANIZALES	Eje Cafetero	UNIVERSIDAD DE CALDAS	MASTER'S	BACHELOR	IDIOMAS	BECA FULBRIGHT-LASPAU	FEMALE	EDUCATION	CALDAS		SUNY at Buffalo	1987
JWF	BUCARAMANGA	Santanderes	UNIVERSIDAD INDUSTRIAL DE SANTANDER	MASTER'S	BACHELOR	IDIOMAS	BECA J. WILLIAM FULBRIGHT	FEMALE	HUMANITIES & SOCIAL SCIENCES	SANTANDER		Michigan State University	1982
JWF	BUCARAMANGA	Santanderes	UNIVERSIDAD INDUSTRIAL DE SANTANDER	MASTER'S	BACHELOR	IDIOMAS	BECA J. WILLIAM FULBRIGHT	FEMALE	EDUCATION	SANTANDER	BILINGUAL, MULTILINGUAL, AND MULTICULTURAL EDUCATION	Northern Arizona University	1988
JWF	BUCARAMANGA	Santanderes	UNIVERSIDAD INDUSTRIAL DE SANTANDER	MASTER'S	BACHELOR	IDIOMAS	BECA J. WILLIAM FULBRIGHT	MALE	EDUCATION	SANTANDER		Southern Illinois University Carbondale	1988
TEP	BUCARAMANGA	Santanderes	UNIVERSIDAD INDUSTRIAL DE SANTANDER	INV & DOC	BACHELOR	IDIOMAS	TEACHER EXCHANGE PROGRAM	FEMALE	EDUCATION	SANTANDER		JOSEPH H. CRAWFORD ELEMENTARY SCHOOL	1996
TEP	FLORIDABLANCA	Santanderes	UNIVERSIDAD INDUSTRIAL DE SANTANDER	INV & DOC	BACHELOR	IDIOMAS	TEACHER EXCHANGE PROGRAM	FEMALE	EDUCATION	SANTANDER		RANCHO BERNARDO HIGH SCHOOL	1994
JWF	BUCARAMANGA	Santanderes	UNIVERSIDAD INDUSTRIAL DE SANTANDER	MASTER'S	BACHELOR	IDIOMAS-EDUCACION	BECA J. WILLIAM FULBRIGHT	FEMALE	HUMANITIES & SOCIAL SCIENCES	SANTANDER		Florida State University	1985
SRM	ENVIGADO	Valle Aburra	ESCUELA DE INGENIERIA DE ANTIOQUIA EIA	MASTER'S	BACHELOR	INDUSTRIAL ENGINEERING	BECA FULBRIGHT - SURAMERICANA	MALE	BUSINESS ADMINISTRATION & MANAGEMENT	ANTIOQUIA	M.S. FINANCE	Purdue University	2013
CLC- FLB	CAJICA	Cundi-Boyacense	UNIVERSIDAD DE LA SABANA	Ph.D.	BACHELOR	INDUSTRIAL ENGINEERING	BECA COLCIENCIAS FULBRIGHT	MALE	ENGINEERING & APPLIED SCIENCES	CUNDINAMARCA	INDUSTRIAL ENGINEERING		2013
CLC- FLB	CAJICA	Cundi-Boyacense	UNIVERSIDAD DE LA SABANA	Ph.D.	BACHELOR	INDUSTRIAL ENGINEERING	BECA COLCIENCIAS FULBRIGHT	MALE	ENGINEERING & APPLIED SCIENCES	CUNDINAMARCA	INDUSTRIAL ENGINEERING	University of Central Florida	2014
SRM	CARTAGENA	Caribe	UNIVERSIDAD TECNOLOGICA DE BOLIVAR	MASTER'S	BACHELOR	INDUSTRIAL ENGINEERING	BECA FULBRIGHT - SURAMERICANA	FEMALE	BUSINESS ADMINISTRATION & MANAGEMENT	BOLIVAR	M.A. HUMAN RESOURCE DEVELOPMENT	University of Minnesota Medical Center - Fairview	2013
FLB-LSP	CUCUTA	Santanderes	UNIVERSIDAD FRANCISCO DE PAULA SANTANDER	MASTER'S	BACHELOR	INEGNIERIA CIVIL	BECA FULBRIGHT-LASPAU	MALE	ENGINEERING & APPLIED SCIENCES	NORTE DE SANTANDER	CIVIL ENGINEERING	South Dakota School of Mines and Technology	1984
FLB-CLC	NEIVA	Tolima Grande	UNIVERSIDAD SURCOLOMBIANA	Ph.D.	BACHELOR	INGENIERIA AGRICOLA	BECA FULBRIGHT-COLCIENCIAS	MALE	BIOLOGICAL, AGRICULTURAL & HEALTH SCIENCES	HUILA		University of Georgia	1999
FLB-LSP	NEIVA	Tolima Grande	UNIVERSIDAD SURCOLOMBIANA	MASTER'S	BACHELOR	INGENIERIA AGRICOLA	BECA FULBRIGHT-LASPAU	MALE	BIOLOGICAL, AGRICULTURAL & HEALTH SCIENCES	HUILA		California State University - Fresno	1993
FLB-CLC	MONTERIA	Caribe	UNIVERSIDAD DE CORDOBA	Ph.D.	BACHELOR	INGENIERIA AGRONOMICA	BECA FULBRIGHT-COLCIENCIAS	MALE	BIOLOGICAL, AGRICULTURAL & HEALTH SCIENCES	CORDOBA		University of Florida	1999
FLB-CLC	CARTAGENA	Caribe	UNIVERSIDAD DE CARTAGENA	Ph.D.	BACHELOR	INGENIERIA CIVIL	BECA FULBRIGHT-COLCIENCIAS	MALE	ENGINEERING & APPLIED SCIENCES	BOLIVAR	OCEAN ENGINEERING	University of South Carolina - Columbia	2003
FLB-LSP	CARTAGENA	Caribe	UNIVERSIDAD DE CARTAGENA	MASTER'S	BACHELOR	INGENIERIA CIVIL	BECA FULBRIGHT-LASPAU	MALE	ENGINEERING & APPLIED SCIENCES	BOLIVAR	CIVIL ENGINEERING	University of Massachusetts Amherst	1980
FLB-LSP	CARTAGENA	Caribe	UNIVERSIDAD DE CARTAGENA	MASTER'S	BACHELOR	INGENIERIA CIVIL	BECA FULBRIGHT-LASPAU	FEMALE	ENGINEERING & APPLIED SCIENCES	BOLIVAR	CIVIL ENGINEERING	University of Nebraska - Lincoln	1983
FLB-LSP	CARTAGENA	Caribe	UNIVERSIDAD DE CARTAGENA	MASTER'S	BACHELOR	INGENIERIA CIVIL	BECA FULBRIGHT-LASPAU	MALE	ENGINEERING & APPLIED SCIENCES	BOLIVAR		Louisiana State University and A&M College	1991
JWF	POPAYAN	Sur Occidente	UNIVERSIDAD DEL CAUCA	MASTER'S	BACHELOR	INGENIERIA CIVIL	BECA J. WILLIAM FULBRIGHT	MALE	ENGINEERING & APPLIED SCIENCES	CAUCA	CIVIL ENGINEERING	University of Vermont	1974
FLB-LSP	POPAYAN	Sur Occidente	UNIVERSIDAD DEL CAUCA	MASTER'S	BACHELOR	INGENIERIA CIVIL	BECA FULBRIGHT-LASPAU	MALE	ENGINEERING & APPLIED SCIENCES	CAUCA	CIVIL ENGINEERING	Cornell University	1984
FLB-LSP	POPAYAN	Sur Occidente	UNIVERSIDAD DEL CAUCA	MASTER'S	BACHELOR	INGENIERIA CIVIL	BECA FULBRIGHT-LASPAU	MALE	ENGINEERING & APPLIED SCIENCES	CAUCA	CIVIL ENGINEERING	Louisiana State University and A&M College	1985
PAS	POPAYAN	Sur Occidente	UNIVERSIDAD DEL CAUCA	INV & DOC	BACHELOR	INGENIERIA CIVIL	BECA PARA PASANTIAS DE INVESTIGACION	MALE	ENGINEERING & APPLIED SCIENCES	CAUCA	CIVIL ENGINEERING	Purdue University	1991
FLB-LSP	CUCUTA	Santanderes	UNIVERSIDAD NACIONAL DE COLOMBIA	MASTER'S	BACHELOR	INGENIERIA CIVIL	BECA FULBRIGHT-LASPAU	MALE	ENGINEERING & APPLIED SCIENCES	NORTE DE SANTANDER	CIVIL ENGINEERING	University of Illinois at Urbana-Champaign	1980
DU	PEREIRA	Eje Cafetero	UNIVERSIDAD NACIONAL DE COLOMBIA	MASTER'S	BACHELOR	INGENIERIA CIVIL	BECA PARA DESARROLLO UNIVERSITARIO	FEMALE	PHYSICAL SCIENCES & MATHEMATICS	RISARALDA	GEOTECHNICS	University of Maryland - College Park	2003
JWF	BUCARAMANGA	Santanderes	UNIVERSIDAD INDUSTRIAL DE SANTANDER	MASTER'S	BACHELOR	INGENIERIA CIVIL	BECA J. WILLIAM FULBRIGHT	MALE	ENGINEERING & APPLIED SCIENCES	SANTANDER	CIVIL ENGINEERING	University of Florida	1982
CLC-DNP	VILLAVICENCIO	Llanos Orientales	UNIVERSIDAD INCCA DE COLOMBIA	Ph.D.	BACHELOR	INGENIERIA DE ALIMENTOS	BECA FULBRIGHT-COLCIENCIAS-DNP	FEMALE	BIOLOGICAL, AGRICULTURAL & HEALTH SCIENCES	META		University of Arkansas, Fayetteville	2000
FLB-ICX	BUCARAMANGA	Santanderes	UNIVERSIDAD INDUSTRIAL DE SANTANDER	MASTER'S	BACHELOR	INGENIERIA DE PETROLEOS	BECA FULBRIGHT-ICETEX	MALE	ENGINEERING & APPLIED SCIENCES	SANTANDER	PETROLEUM ENGINEERING	Colorado School of Mines	1988
DU	BUCARAMANGA	Santanderes	UNIVERSIDAD AUTONOMA DE BUCARAMANGA-UNAB-	MASTER'S	BACHELOR	INGENIERIA DE SISTEMAS	BECA PARA DESARROLLO UNIVERSITARIO	MALE	ENGINEERING & APPLIED SCIENCES	SANTANDER		Southern Illinois University Carbondale	2003
DU	BUCARAMANGA	Santanderes	UNIVERSIDAD AUTONOMA DE BUCARAMANGA-UNAB-	MASTER'S	BACHELOR	INGENIERIA DE SISTEMAS	BECA PARA DESARROLLO UNIVERSITARIO	FEMALE	HUMANITIES & SOCIAL SCIENCES	SANTANDER	HUMAN DEVELOPMENT	University of New Mexico	2003
FLB-CLC	BUCARAMANGA	Santanderes	UNIVERSIDAD INDUSTRIAL DE SANTANDER	Ph.D.	BACHELOR	INGENIERIA DE SISTEMAS	BECA FULBRIGHT-COLCIENCIAS	MALE	ENGINEERING & APPLIED SCIENCES	SANTANDER		University of Nebraska - Lincoln	2003
DU	BUCARAMANGA	Santanderes	UNIVERSIDAD INDUSTRIAL DE SANTANDER	Ph.D.	BACHELOR	INGENIERIA DE SISTEMAS	BECA PARA DESARROLLO UNIVERSITARIO	MALE	ENGINEERING & APPLIED SCIENCES	SANTANDER		Southern Illinois University Carbondale	2000
FLB-LSP	BUCARAMANGA	Santanderes	UNIVERSIDAD INDUSTRIAL DE SANTANDER	MASTER'S	BACHELOR	INGENIERIA DE SISTEMAS	BECA FULBRIGHT-LASPAU	MALE	ENGINEERING & APPLIED SCIENCES	SANTANDER		The University of Texas at Arlington	1981
CLC-DNP	BUCARAMANGA	Santanderes	UNIVERSIDAD INDUSTRIAL DE SANTANDER	Ph.D.	BACHELOR	INGENIERIA ELECTRICA	BECA FULBRIGHT-COLCIENCIAS-DNP	MALE	ENGINEERING & APPLIED SCIENCES	SANTANDER	Ph.D. ELECTRICAL, ELECTRONICS AND COMMUNICATION ENGINEERING	Purdue University	2009
ATG	BUCARAMANGA	Santanderes	UNIVERSIDAD INDUSTRIAL DE SANTANDER	MASTER'S	BACHELOR	INGENIERIA ELECTRONICA	AIRWAYS TRAVEL GRANT	MALE	ENGINEERING & APPLIED SCIENCES	SANTANDER	POWER ENGINEERING	Rensselaer Polytechnic Institute	1980
FLB-LSP	IBAGUE	Tolima Grande	UNIVERSIDAD DE LOS ANDES	MASTER'S	BACHELOR	INGENIERIA ELECTRONICA	BECA FULBRIGHT-LASPAU	MALE	PHYSICAL SCIENCES & MATHEMATICS	TOLIMA	MATHEMATICS	Tulane University	1993
DU	SOGAMOSO	Cundi-Boyacense	UNIVERSIDAD PEDAGOGICA Y TECNOLOGICA DE COLOMBIA - UPTC	Ph.D.	BACHELOR	INGENIERIA GEOLOGICA	BECA PARA DESARROLLO UNIVERSITARIO	MALE	PHYSICAL SCIENCES & MATHEMATICS	BOYACA		University of Illinois at Urbana-Champaign	2003
LID	SAN ANDRES	Caribe	UNIVERSIDAD DE SAN BUENAVENTURA	MASTER'S	BACHELOR	INGENIERIA INDUSTRIAL	BECA PARA LIDERES AFRODESCENDIENTES	FEMALE	BUSINESS ADMINISTRATION & MANAGEMENT	ARCHIPIELAGO DE SAN ANDRES, PROVIDENCIA Y SANTA CATALINA	MASTER'S IN ENVIRONMENTAL STUDIES	SUNY College of Environmental Science and Forestry	2009
HHH	MANIZALES	Eje Cafetero	UNIVERSIDAD NACIONAL DE COLOMBIA	INV & DOC	BACHELOR	INGENIERIA INDUSTRIAL	BECA HUBERT H. HUMPHREY	MALE	EDUCATION	CALDAS		Cornell University	2007
JWF	BUCARAMANGA	Santanderes	UNIVERSIDAD INDUSTRIAL DE SANTANDER	Ph.D.	BACHELOR	INGENIERIA INDUSTRIAL	BECA J. WILLIAM FULBRIGHT	MALE	BIOLOGICAL, AGRICULTURAL & HEALTH SCIENCES	SANTANDER		SUNY College of Environmental Science and Forestry	2000
FLB-LSP	BUCARAMANGA	Santanderes	UNIVERSIDAD INDUSTRIAL DE SANTANDER	MASTER'S	BACHELOR	INGENIERIA INDUSTRIAL	BECA FULBRIGHT-LASPAU	MALE	ENGINEERING & APPLIED SCIENCES	SANTANDER	INDUSTRIAL ENGINEERING	Georgia Institute of Technology - Main Campus	1984
CLC-DNP	SABANETA	Valle Aburra	UNIVERSIDAD EAFIT-	Ph.D.	BACHELOR	INGENIERIA MECANICA	BECA FULBRIGHT-COLCIENCIAS-DNP	MALE	BIOLOGICAL, AGRICULTURAL & HEALTH SCIENCES	ANTIOQUIA		University of Kentucky	2000
JWF	BARRANQUILLA	Caribe	UNIVERSIDAD DEL NORTE	MASTER'S	BACHELOR	INGENIERIA MECANICA	BECA J. WILLIAM FULBRIGHT	MALE	ENGINEERING & APPLIED SCIENCES	ATLANTICO		Michigan Technological University	2002
FLB-LSP	CUCUTA	Santanderes	UNIVERSIDAD NACIONAL DE COLOMBIA	MASTER'S	BACHELOR	INGENIERIA MECANICA	BECA FULBRIGHT-LASPAU	MALE	ENGINEERING & APPLIED SCIENCES	NORTE DE SANTANDER	MECHANICAL ENGINEERING	Rensselaer Polytechnic Institute	1980
JWF	PEREIRA	Eje Cafetero	UNIVERSIDAD DE LOS ANDES	MASTER'S	BACHELOR	INGENIERIA MECANICA	BECA J. WILLIAM FULBRIGHT	MALE	ENGINEERING & APPLIED SCIENCES	RISARALDA	MECHANICAL ENGINEERING	Stanford University	1965
FLB-LSP	IBAGUE	Tolima Grande	UNIVERSIDAD NACIONAL DE COLOMBIA	MASTER'S	BACHELOR	INGENIERIA MECANICA	BECA FULBRIGHT-LASPAU	MALE	BIOLOGICAL, AGRICULTURAL & HEALTH SCIENCES	TOLIMA	AGRICULTURAL ENGINEERING	UNIVERSITY OF MINNESOTA - TWIN CITIES	1979
FLB-CLC	BUCARAMANGA	Santanderes	UNIVERSIDAD INDUSTRIAL DE SANTANDER	MASTER'S	BACHELOR	INGENIERIA METALURGICA	BECA FULBRIGHT-COLCIENCIAS	FEMALE	ENGINEERING & APPLIED SCIENCES	SANTANDER	CHEMICAL ENGINEERING	Pennsylvania State University	1999
FLB-LSP	CUCUTA	Santanderes	UNIVERSIDAD NACIONAL DE COLOMBIA	MASTER'S	BACHELOR	INGENIERIA QUIMICA	BECA FULBRIGHT-LASPAU	MALE	ENGINEERING & APPLIED SCIENCES	NORTE DE SANTANDER	MECHANICAL ENGINEERING	Stevens Institute of Technology	1981
FLB-LSP	CUCUTA	Santanderes	UNIVERSIDAD NACIONAL DE COLOMBIA	MASTER'S	BACHELOR	INGENIERIA QUIMICA	BECA FULBRIGHT-LASPAU	FEMALE	ENGINEERING & APPLIED SCIENCES	NORTE DE SANTANDER	CHEMICAL ENGINEERING	The University of Alabama	1983
FLB-LSP	CUCUTA	Santanderes	UNIVERSIDAD NACIONAL DE COLOMBIA	Ph.D.	BACHELOR	INGENIERIA QUIMICA	BECA FULBRIGHT-LASPAU	MALE	ENGINEERING & APPLIED SCIENCES	NORTE DE SANTANDER		Ohio State University	1997
FLB-LSP	BUCARAMANGA	Santanderes	UNIVERSIDAD INDUSTRIAL DE SANTANDER	MASTER'S	BACHELOR	INGENIERIA QUIMICA	BECA FULBRIGHT-LASPAU	MALE	ENGINEERING & APPLIED SCIENCES	SANTANDER	CHEMICAL ENGINEERING	University of Delaware	1982
FLB-LSP	POPAYAN	Sur Occidente	UNIVERSIDAD DEL VALLE	MASTER'S	BACHELOR	INGENIERÑIA ELECTRONICA	BECA FULBRIGHT-LASPAU	MALE	PHYSICAL SCIENCES & MATHEMATICS	CAUCA		Case Western Reserve University	1979
FLB-LSP	BUCARAMANGA	Santanderes	UNIVERSIDAD INDUSTRIAL DE SANTANDER	MASTER'S	BACHELOR	INGENIERÑIA ELECTRONICA	BECA FULBRIGHT-LASPAU	MALE	ENGINEERING & APPLIED SCIENCES	SANTANDER	SYSTEMS ENGINEERING	University of California - Los Angeles	1976
FLB-LSP	BUCARAMANGA	Santanderes	UNIVERSIDAD INDUSTRIAL DE SANTANDER	MASTER'S	BACHELOR	INGENIERÑIA ELECTRONICA	BECA FULBRIGHT-LASPAU	MALE	ENGINEERING & APPLIED SCIENCES	SANTANDER	ELECTRICAL & ELECTRONIC ENGINEERING TECHNOLOGIES	Rensselaer Polytechnic Institute	1982
TEP	BARRANQUILLA	Caribe	UNIVERSIDAD DEL ATLANTICO	INV & DOC	BACHELOR	INGLES Y ESPAÑOL	TEACHER EXCHANGE PROGRAM	MALE	EDUCATION	ATLANTICO		MARTIN LUTHER KING ACADEMIC MAGNET	2003
TEP	BARRANQUILLA	Caribe	UNIVERSIDAD DEL ATLANTICO	INV & DOC	BACHELOR	INGLES Y ESPAÑOL	TEACHER EXCHANGE PROGRAM	MALE	EDUCATION	ATLANTICO		UNIVERSITY PREP ACADEMY	2005
FLB-CLC	CHIQUINQUIRA	Cundi-Boyacense	UNIVERSIDAD PEDAGOGICA Y TECNOLOGICA DE COLOMBIA - UPTC	Ph.D.	BACHELOR	INGLES Y ESPAÑOL	BECA FULBRIGHT-COLCIENCIAS	MALE	EDUCATION	BOYACA		University of Massachusetts - Boston	1998
FLB-LSP	POPAYAN	Sur Occidente	UNIVERSIDAD DE ANTIOQUIA	MASTER'S	BACHELOR	INGLES Y ESPAÑOL	BECA FULBRIGHT-LASPAU	FEMALE	EDUCATION	CAUCA		Ohio University - Main Campus	1992
JWF	BUCARAMANGA	Santanderes	UNIVERSIDAD PEDAGOGICA NACIONAL	MASTER'S	BACHELOR	INGLES Y ESPAÑOL	BECA J. WILLIAM FULBRIGHT	MALE	EDUCATION	SANTANDER		University of Illinois at Urbana-Champaign	1999
TEP	NEIVA	Tolima Grande	UNIVERSIDAD NACIONAL DE COLOMBIA	INV & DOC	BACHELOR	INGLES Y FRANCES	TEACHER EXCHANGE PROGRAM	MALE	EDUCATION	HUILA		SYLVAN HILLS JUNIOR HIGH SCHOOL	1992
JWF	SANTA MARTA	Caribe	UNIVERSIDAD DE PAMPLONA	MASTER'S	BACHELOR	INGLES Y FRANCES	BECA J. WILLIAM FULBRIGHT	FEMALE	EDUCATION	MAGDALENA		Southern Illinois University Carbondale	1981
DU	PASTO	Sur Occidente	UNIVERSIDAD DE NARIÑO	MASTER'S	BACHELOR	INGLES Y FRANCES	BECA PARA DESARROLLO UNIVERSITARIO	FEMALE	EDUCATION	NARIÑO		University of Northern Iowa	2000
DU	PASTO	Sur Occidente	UNIVERSIDAD DE NARIÑO	MASTER'S	BACHELOR	INGLES Y FRANCES	BECA PARA DESARROLLO UNIVERSITARIO	MALE	EDUCATION	NARIÑO		University of Northern Iowa	2000
FLB-LSP	PASTO	Sur Occidente	UNIVERSIDAD DE NARIÑO	MASTER'S	BACHELOR	INGLES Y FRANCES	BECA FULBRIGHT-LASPAU	FEMALE	EDUCATION	NARIÑO		University of Northern Iowa	1988
VS	LETICIA	Amazonia	UNIVERSIDAD DEL ROSARIO	INV & DOC	BACHELOR	LAW	BECA PROFESOR INVESTIGADOR VISITANTE COLOMBIANO	MALE	BIOLOGICAL, AGRICULTURAL & HEALTH SCIENCES	AMAZONAS	COLOMBIAN AMAZON	University of Wisconsin - Madison	2015
TEP	BARRANQUILLA	Caribe	UNIVERSIDAD DEL ATLANTICO	INV & DOC	BACHELOR	LENGUAS	TEACHER EXCHANGE PROGRAM	FEMALE	EDUCATION	ATLANTICO		CABIN JOHN MIDDLE SCHOOL	2001
JWF	BUCARAMANGA	Santanderes	UNIVERSIDAD INDUSTRIAL DE SANTANDER	MASTER'S	BACHELOR	LENGUAS	BECA J. WILLIAM FULBRIGHT	FEMALE	EDUCATION	SANTANDER		Southern Illinois University Carbondale	1987
TEP	BARRANQUILLA	Caribe	UNIVERSIDAD DEL ATLANTICO	INV & DOC	BACHELOR	LENGUAS MODERNAS	TEACHER EXCHANGE PROGRAM	MALE	EDUCATION	ATLANTICO		IRVING ELEMENTARY SCHOOL	2007
TEP	BARRANQUILLA	Caribe	UNIVERSIDAD DEL ATLANTICO	INV & DOC	BACHELOR	LENGUAS MODERNAS	TEACHER EXCHANGE PROGRAM	MALE	EDUCATION	ATLANTICO		GAVILAN VIEW MIDDLE SCHOOL	2000
JWF	MANIZALES	Eje Cafetero	UNIVERSIDAD DE CALDAS	MASTER'S	BACHELOR	LENGUAS MODERNAS	BECA J. WILLIAM FULBRIGHT	MALE	HUMANITIES & SOCIAL SCIENCES	CALDAS		Ohio University - Main Campus	1982
JWF	MANIZALES	Eje Cafetero	UNIVERSIDAD DE CALDAS	MASTER'S	BACHELOR	LENGUAS MODERNAS	BECA J. WILLIAM FULBRIGHT	FEMALE	EDUCATION	CALDAS	ELEMENTARY EDUCATION	University of Oregon	1988
TEP	MANIZALES	Eje Cafetero	UNIVERSIDAD DE CALDAS	INV & DOC	BACHELOR	LENGUAS MODERNAS	TEACHER EXCHANGE PROGRAM	FEMALE	EDUCATION	CALDAS		HAMPTON BAYS JUNIOR-SENIOR HIGH SCHOOL	1989
JWF	MANIZALES	Eje Cafetero	UNIVERSIDAD DE CALDAS	MASTER'S	BACHELOR	LENGUAS MODERNAS	BECA J. WILLIAM FULBRIGHT	MALE	EDUCATION	CALDAS		Southern Illinois University Carbondale	1991
FLB-CLC	POPAYAN	Sur Occidente	UNIVERSIDAD DEL CAUCA	MASTER'S	BACHELOR	LENGUAS MODERNAS	BECA FULBRIGHT-COLCIENCIAS	MALE	EDUCATION	CAUCA		University of Arizona	1997
JWF	NEIVA	Tolima Grande	UNIVERSIDAD SURCOLOMBIANA	MASTER'S	BACHELOR	LENGUAS MODERNAS	BECA J. WILLIAM FULBRIGHT	FEMALE	EDUCATION	HUILA		Iowa State University	2003
JWF	RIOHACHA	Caribe	UNIVERSIDAD DE ANTIOQUIA	MASTER'S	BACHELOR	LENGUAS MODERNAS	BECA J. WILLIAM FULBRIGHT	MALE	EDUCATION	LA GUAJIRA		SUNY Stony Brook	1997
JWF	PASTO	Sur Occidente	UNIVERSIDAD DE NARIÑO	MASTER'S	BACHELOR	LENGUAS MODERNAS	BECA J. WILLIAM FULBRIGHT	MALE	EDUCATION	NARIÑO		Ohio University - Main Campus	1981
FLB-LSP	PASTO	Sur Occidente	UNIVERSIDAD DE NARIÑO	Ph.D.	BACHELOR	LENGUAS MODERNAS	BECA FULBRIGHT-LASPAU	MALE	EDUCATION	NARIÑO		University of Texas at Austin	1988
FLB-LSP	PASTO	Sur Occidente	UNIVERSIDAD DE NARIÑO	Ph.D.	BACHELOR	LENGUAS MODERNAS	BECA FULBRIGHT-LASPAU	MALE	HUMANITIES & SOCIAL SCIENCES	NARIÑO		University of Southern California	1994
FLB-LSP	PEREIRA	Eje Cafetero	UNIVERSIDAD DE LOS ANDES	MASTER'S	BACHELOR	LENGUAS MODERNAS	BECA FULBRIGHT-LASPAU	FEMALE	EDUCATION	RISARALDA		Northern Arizona University	1996
DU	IBAGUE	Tolima Grande	UNIVERSIDAD DEL TOLIMA	Ph.D.	BACHELOR	LENGUAS MODERNAS	BECA PARA DESARROLLO UNIVERSITARIO	FEMALE	EDUCATION	TOLIMA		University of Arizona	1999
EST. CUL	PASTO	Sur Occidente	UNIVERSIDAD DE NARIÑO	MASTER'S	BACHELOR	LIC. INGLES-ESPAÑOL	BECA DE ESTUDIOS CULTURALES PARA COMUNIDADES AFRODESCENDIENTES E INDIGENAS	MALE	EDUCATION	NARIÑO	M.A. TEACHING ENGLISH AS A SECOND LANGUAGE	Southern Illinois University Carbondale	2009
JWF	POPAYAN	Sur Occidente	UNIVERSIDAD DEL CAUCA	MASTER'S	BACHELOR	LIC. LENG. MODERNAS	BECA J. WILLIAM FULBRIGHT	FEMALE	EDUCATION	CAUCA		Ball State University	2006
JWF	MANIZALES	Eje Cafetero	UNIVERSIDAD DE MANIZALES	MASTER'S	BACHELOR	LICENCIATURA EN EDUCACION SPECIALIZATIONECIAL	BECA J. WILLIAM FULBRIGHT	FEMALE	EDUCATION	CALDAS		Columbia University in the City of New York	2005
LID	PROVIDENCIA	Caribe	ESCUELA NACIONAL DE ANTROPOLOGIA E HISTORIA MEXICO	MASTER'S	BACHELOR	LICENCIATURA EN ETNOHISTORIA	BECA PARA LIDERES AFRODESCENDIENTES	MALE	HUMANITIES & SOCIAL SCIENCES	ARCHIPIELAGO DE SAN ANDRES, PROVIDENCIA Y SANTA CATALINA	MASTER'S IN INTERNATIONAL DEVELOPMENT ADMINISTRATION	Western Michigan University	2009
LID	LA GLORIA	Caribe	UNIVERSIDAD TECNOLOGICA DEL CHOCO-DIEGO LUIS CORDOBA	MASTER'S	BACHELOR	LICENCIATURA EN IDIOMAS	BECA PARA LIDERES AFRODESCENDIENTES	MALE	EDUCATION	CESAR	M.A. TEACHING ENGLISH AS A SECOND LANGUAGE	Southern Illinois University Carbondale	2009
TEP	PITALITO	Tolima Grande	UNIVERSIDAD DEL CAUCA	INV & DOC	BACHELOR	LICENCIATURA EN LENGUAS MODERNAS	TEACHER EXCHANGE PROGRAM	MALE	EDUCATION	HUILA		DEER PARK MIDDLE MAGNET SCHOOL	1999
ARTS	PASTO	Sur Occidente	UNIVERSIDAD DE NARIÑO	MASTER'S	BACHELOR	LICENCIATURA EN MUSICA	BECA FULBRIGHT - MINCULTURA PARA ARTISTAS	MALE	ART & ARCHITECTURE	NARIÑO		WESTMINSTER CHOIR COLLEGE	2005
VS	SANTA MARTA	Caribe	FUNDACION UNIVERSIDAD DE BOGOTA - JORGE TADEO LOZANO	INV & DOC	BACHELOR	MARINE BIOLOGY AND BIOLOGICAL OCEANOGRAPHY	BECA PROFESOR INVESTIGADOR VISITANTE COLOMBIANO	MALE	BIOLOGICAL, AGRICULTURAL & HEALTH SCIENCES	MAGDALENA	BIOLOGY AND MARINE BIOLOGY	University of North Carolina at Wilmington	2013
FLB-LSP	ARMENIA	Eje Cafetero	UNIVERSIDAD DEL VALLE	MASTER'S	BACHELOR	MATEMATICAS Y FISICA	BECA FULBRIGHT-LASPAU	FEMALE	BIOLOGICAL, AGRICULTURAL & HEALTH SCIENCES	QUINDIO	BIOCHEMISTRY, BIOPHYSICS AND MOLECULAR BIOLOGY	Washington State University	1980
FLB-LSP	QUIBDO	Pacifico	UNIVERSIDAD TECNOLOGICA DEL CHOCO-DIEGO LUIS CORDOBA	MASTER'S	BACHELOR	MATEMATICAS Y FISICA	BECA FULBRIGHT-LASPAU	MALE	PHYSICAL SCIENCES & MATHEMATICS	CHOCO		Indiana State University	1982
FLB-LSP	PASTO	Sur Occidente	UNIVERSIDAD PEDAGOGICA NACIONAL	MASTER'S	BACHELOR	MATEMATICAS Y FISICA	BECA FULBRIGHT-LASPAU	MALE	EDUCATION	NARIÑO	PHYSICS EDUCATION	University of Iowa	1983
FLB-LSP	PASTO	Sur Occidente	UNIVERSIDAD DE NARIÑO	MASTER'S	BACHELOR	MATEMATICAS Y FISICA	BECA FULBRIGHT-LASPAU	MALE	PHYSICAL SCIENCES & MATHEMATICS	NARIÑO		University of Utah	1990
CLC- FLB	CARTAGENA	Caribe	UNIVERSIDAD NACIONAL DE COLOMBIA	Ph.D.	BACHELOR	MECHANICAL ENGINEERING	BECA COLCIENCIAS FULBRIGHT	MALE	ENGINEERING & APPLIED SCIENCES	BOLIVAR	Ph.D. COMPUTATIONAL SCIENCE, ENGINEERING AND MATHEMATICS	University of Texas at Austin	2015
CLC- FLB	BARRANQUILLA	Caribe	UNIVERSIDAD DEL ATLANTICO	Ph.D.	BACHELOR	MECHANICAL ENGINEERING	BECA COLCIENCIAS FULBRIGHT	MALE	ENGINEERING & APPLIED SCIENCES	ATLANTICO	MECHANICAL ENGINEERING	University of Michigan - Ann Arbor	2013
FLB-CLC	BARRANQUILLA	Caribe	UNIVERSIDAD DE CARTAGENA	Ph.D.	BACHELOR	MEDICINA	BECA FULBRIGHT-COLCIENCIAS	MALE	BIOLOGICAL, AGRICULTURAL & HEALTH SCIENCES	ATLANTICO		University of South Florida	1999
FLB-LSP	CARTAGENA	Caribe	UNIVERSIDAD DE CARTAGENA	MASTER'S	BACHELOR	MEDICINA	BECA FULBRIGHT-LASPAU	MALE	BIOLOGICAL, AGRICULTURAL & HEALTH SCIENCES	BOLIVAR		University of Utah	1983
FLB-LSP	POPAYAN	Sur Occidente	UNIVERSIDAD DEL CAUCA	MASTER'S	BACHELOR	MEDICINA	BECA FULBRIGHT-LASPAU	MALE	BIOLOGICAL, AGRICULTURAL & HEALTH SCIENCES	CAUCA		University of Louisville	1990
JWF	PEREIRA	Eje Cafetero	UNIVERSIDAD TECNOLOGICA DE PEREIRA - UTP	MASTER'S	BACHELOR	MEDICINA	BECA J. WILLIAM FULBRIGHT	FEMALE	BIOLOGICAL, AGRICULTURAL & HEALTH SCIENCES	RISARALDA		University of Alabama at Birmingham	2006
HHH	BUCARAMANGA	Santanderes	UNIVERSIDAD NACIONAL DE COLOMBIA	INV & DOC	BACHELOR	MEDICINA	BECA HUBERT H. HUMPHREY	MALE	BIOLOGICAL, AGRICULTURAL & HEALTH SCIENCES	SANTANDER		Johns Hopkins University	1988
JWF	MITU	Amazonia	UNIVERSIDAD NACIONAL DE COLOMBIA	MASTER'S	BACHELOR	MEDICINA	BECA J. WILLIAM FULBRIGHT	MALE	BIOLOGICAL, AGRICULTURAL & HEALTH SCIENCES	VAUPES		University of Washington	2002
AMZ	LETICIA	Amazonia	UNIVERSIDAD DE LOS ANDES	MASTER'S	BACHELOR	MICROBIOLOGIA	BECA PARA EL ESTUDIO DE LA CUENCA AMAZONICA	FEMALE	BIOLOGICAL, AGRICULTURAL & HEALTH SCIENCES	AMAZONAS		SUNY College of Environmental Science and Forestry	1997
FLTA	CALARCA	Eje Cafetero	UNIVERSIDAD DEL QUINDIO	INV & DOC	BACHELOR	MODERN LANGUAGES	BECA PROFESOR COLOMBIANO DE INGLES	FEMALE	EDUCATION	QUINDIO	TEACHING ASSISTANTS/AIDES	The College of Wooster	2014
ARTS	MANIZALES	Eje Cafetero	UNIVERSIDAD DE CALDAS	MASTER'S	BACHELOR	MUSIC	BECA FULBRIGHT - MINCULTURA PARA ARTISTAS	MALE	ART & ARCHITECTURE	CALDAS		New York University	2015
ARTS	ENVIGADO	Valle Aburra	UNIVERSIDAD EAFIT-	Ph.D.	BACHELOR	MUSIC PERFORMANCE, GENERAL	BECA FULBRIGHT - MINCULTURA PARA ARTISTAS	MALE	ART & ARCHITECTURE	ANTIOQUIA	MUSICOLOGY AND ETHNOMUSICOLOGY	University of Pittsburgh - Main Campus	2013
LID	BUENAVENTURA	Pacifico	UNIVERSIDAD AUTONOMA DE OCCIDENTE	MASTER'S	BACHELOR	NATURAL RESOURCES/CONSERVATION, GENERAL	BECA PARA LIDERES AFRODESCENDIENTES	FEMALE	BIOLOGICAL, AGRICULTURAL & HEALTH SCIENCES	VALLE DEL CAUCA	M.A. COMMUNITY AND REGIONAL PLANNING	University of Oregon	2013
EDC	CARTAGENA	Caribe	UNIVERSIDAD DE CARTAGENA	INV & DOC	BACHELOR	PHARMACEUTICAL CHEMISTRY	BECA ESTUDIANTE DOCTORAL COLOMBIANO	FEMALE	BIOLOGICAL, AGRICULTURAL & HEALTH SCIENCES	BOLIVAR		Johns Hopkins University	2014
VS	CARTAGENA	Caribe	UNIVERSIDAD DE CARTAGENA	INV & DOC	BACHELOR	PHARMACEUTICAL SCIENCES	BECA PROFESOR INVESTIGADOR VISITANTE COLOMBIANO	FEMALE	BIOLOGICAL, AGRICULTURAL & HEALTH SCIENCES	BOLIVAR	METHICILLIN RESISTANT STAPHYLOCOCCUS AUREUS	WESTCHESTER MEDICAL CENTER	2015
CLC- FLB	BELLO	Valle Aburra	UNIVERSIDAD EAFIT-	Ph.D.	BACHELOR	PROCESS ENGINEERING	BECA COLCIENCIAS FULBRIGHT	MALE	ENGINEERING & APPLIED SCIENCES	ANTIOQUIA	Ph.D. CHEMICAL ENGINEERING	Louisiana State University and A&M College	2015
EST. CUL	SAN ANDRES	Caribe	UNIVERSIDAD SANTO TOMAS	MASTER'S	BACHELOR	PSICOLOGIA	BECA DE ESTUDIOS CULTURALES PARA COMUNIDADES AFRODESCENDIENTES E INDIGENAS	FEMALE	HUMANITIES & SOCIAL SCIENCES	ARCHIPIELAGO DE SAN ANDRES, PROVIDENCIA Y SANTA CATALINA	MASTER OF SOCIAL WORK	University of Pittsburgh - Main Campus	2009
CLC-DNP	BARRANQUILLA	Caribe	UNIVERSIDAD DEL NORTE	MASTER'S	BACHELOR	PSICOLOGIA	BECA FULBRIGHT-COLCIENCIAS-DNP	MALE	HUMANITIES & SOCIAL SCIENCES	ATLANTICO		University of Dallas	2002
FLB-LSP	CARTAGENA	Caribe	UNIVERSIDAD DEL NORTE	MASTER'S	BACHELOR	PSICOLOGIA	BECA FULBRIGHT-LASPAU	FEMALE	HUMANITIES & SOCIAL SCIENCES	BOLIVAR	SOCIAL PSYCHOLOGY	Loyola University of Chicago	1991
FLB-LSP	MANIZALES	Eje Cafetero	UNIVERSIDAD DE LOS ANDES	MASTER'S	BACHELOR	PSICOLOGIA	BECA FULBRIGHT-LASPAU	MALE	HUMANITIES & SOCIAL SCIENCES	CALDAS		University of Hawaii at Manoa	1988
FLB-LSP	MANIZALES	Eje Cafetero	UNIVERSIDAD DE MANIZALES	MASTER'S	BACHELOR	PSICOLOGIA	BECA FULBRIGHT-LASPAU	MALE	HUMANITIES & SOCIAL SCIENCES	CALDAS		Ohio University - Main Campus	1988
JWF	SANTA MARTA	Caribe		MASTER'S	BACHELOR	PSICOLOGIA	BECA J. WILLIAM FULBRIGHT	FEMALE	HUMANITIES & SOCIAL SCIENCES	MAGDALENA		Northeastern University	1997
HHH	BUCARAMANGA	Santanderes	PONTIFICIA UNIVERSIDAD JAVERIANA	INV & DOC	BACHELOR	PSICOLOGIA	BECA HUBERT H. HUMPHREY	FEMALE	BIOLOGICAL, AGRICULTURAL & HEALTH SCIENCES	SANTANDER		Indiana University Bloomington	1991
CLC- FLB	PEREIRA	Eje Cafetero	UNIVERSIDAD DEL VALLE	Ph.D.	BACHELOR	PSYCHOLOGY	BECA COLCIENCIAS FULBRIGHT	MALE	HUMANITIES & SOCIAL SCIENCES	RISARALDA	Ph.D. APPLIED DEVELOPMENTAL PSYCHOLOGY	Fordham University	2015
PETRO	BUCARAMANGA	Santanderes	PONTIFICIA UNIVERSIDAD JAVERIANA	MASTER'S	BACHELOR	PSYCHOLOGY, GENERAL	BECA PARA EL DESARROLLO DE LAS REGIONES PETROLERAS	FEMALE	EDUCATION	SANTANDER	M.A. WOMEN, GENDER AND SEXUALITY STUDIES	Oregon State University	2014
FLB-LSP	BUCARAMANGA	Santanderes	UNIVERSIDAD NACIONAL DE COLOMBIA	MASTER'S	BACHELOR	QUIMICA	BECA FULBRIGHT-LASPAU	MALE	BIOLOGICAL, AGRICULTURAL & HEALTH SCIENCES	SANTANDER		SUNY College of Environmental Science and Forestry	1978
FLB-LSP	PEREIRA	Eje Cafetero	UNIVERSIDAD NACIONAL DE COLOMBIA	MASTER'S	BACHELOR	QUIMICA	BECA FULBRIGHT-LASPAU	FEMALE	ENGINEERING & APPLIED SCIENCES	RISARALDA		SUNY College of Environmental Science and Forestry	1985
FLB-LSP	CARTAGENA	Caribe	UNIVERSIDAD DE CARTAGENA	MASTER'S	BACHELOR	QUIMICA FARMACEUTICA	BECA FULBRIGHT-LASPAU	FEMALE	PHYSICAL SCIENCES & MATHEMATICS	BOLIVAR		The University of Tennessee - Knoxville	1988
FLB-CLC	CARTAGENA	Caribe	UNIVERSIDAD DE CARTAGENA	Ph.D.	BACHELOR	QUIMICA FARMACEUTICA	BECA FULBRIGHT-COLCIENCIAS	MALE	PHYSICAL SCIENCES & MATHEMATICS	BOLIVAR		Michigan State University	1996
FLB-LSP	PEREIRA	Eje Cafetero	UNIVERSIDAD TECNOLOGICA DE PEREIRA - UTP	MASTER'S	BACHELOR	SICOPEDAGOGIA Y AUDIOVISUAL	BECA FULBRIGHT-LASPAU	FEMALE	HUMANITIES & SOCIAL SCIENCES	RISARALDA		University of Iowa	1987
CLC- FLB	BARRANQUILLA	Caribe	UNIVERSIDAD DEL NORTE	Ph.D.	BACHELOR	SYSTEMS ENGINEERING	BECA COLCIENCIAS FULBRIGHT	MALE	ENGINEERING & APPLIED SCIENCES	ATLANTICO	Ph.D. COMPUTER ENGINEERING	University of Florida	2014
CLC- FLB	PASTO	Sur Occidente	UNIVERSIDAD DE NARIÑO	Ph.D.	BACHELOR	SYSTEMS ENGINERING	BECA COLCIENCIAS FULBRIGHT	MALE	ENGINEERING & APPLIED SCIENCES	NARIÑO	Ph.D. COMPUTER SCIENCE AND ENGINEERING	University of California, Riverside	2015
REG	TUNJA	Cundi-Boyacense	UNIVERSIDAD PEDAGOGICA Y TECNOLOGICA DE COLOMBIA - UPTC	Ph.D.	BACHELOR	TEACHING ENGLISH AS A SECOND OR FOREIGN LANGUAGE/ESL LANGUAGE INSTRUCTOR	BECA DE POSTGRADO PARA LAS REGIONES	FEMALE	EDUCATION	BOYACA	Ph.D. CULTURAL STUDIES AND SOCIAL THOUGHT IN EDUCATION	Washington State University	2013
REG	BARRANQUILLA	Caribe	UNIVERSIDAD POPULAR DEL CESAR	Ph.D.	BACHELOR	TEACHING ENGLISH AS A SECOND OR FOREIGN LANGUAGE/ESL LANGUAGE INSTRUCTOR	BECA DE POSTGRADO PARA LAS REGIONES	MALE	EDUCATION	ATLANTICO	ENGLISH LANGUAGE AND LINGUISTICS	Purdue University	2013
REG	NEIVA	Tolima Grande	UNIVERSIDAD SURCOLOMBIANA	Ph.D.	BACHELOR	TEACHING ENGLISH AS A SECOND OR FOREIGN LANGUAGE/ESL LANGUAGE INSTRUCTOR	BECA DE POSTGRADO PARA LAS REGIONES	MALE	EDUCATION	HUILA	Ph.D. SECOND LANGUAGE ACQUISITION AND TEACHING	University of Arizona	2013
FLTA	MANIZALES	Eje Cafetero	UNIVERSIDAD DEL ATLANTICO	INV & DOC	BACHELOR	TEACHING ENGLISH OR FRENCH AS A SECOND OR FOREIGN LANGUAGE, OTHER	BECA PROFESOR COLOMBIANO DE INGLES	FEMALE	EDUCATION	CALDAS	TEACHING ASSISTANTS/AIDES OTHER	Gardner-Webb University	2013
PETRO	SABANETA	Valle Aburra	UNIVERSIDAD PONTIFICIA BOLIVARIANA	MASTER'S	BACHELOR	TELECOMMUNICATIONS ENGINEERING	BECA PARA EL DESARROLLO DE LAS REGIONES PETROLERAS	MALE	ENGINEERING & APPLIED SCIENCES	ANTIOQUIA	M.S. ELECTRICAL AND COMPUTER ENGINEERING	University of Massachusetts Amherst	2015
CLC-DNP	VILLAVICENCIO	Llanos Orientales	UNIVERSIDAD DE LOS LLANOS	Ph.D.	BACHELOR	VETERINARIA	BECA FULBRIGHT-COLCIENCIAS-DNP	MALE	BIOLOGICAL, AGRICULTURAL & HEALTH SCIENCES	META		University of Arkansas, Fayetteville	2002
FLB-CLC	MANIZALES	Eje Cafetero	UNIVERSIDAD DE CALDAS	MASTER'S	BACHELOR	VETERINARIA Y ZOOTECNIA	BECA FULBRIGHT-COLCIENCIAS	MALE	BIOLOGICAL, AGRICULTURAL & HEALTH SCIENCES	CALDAS		University of Missouri - Columbia	1997
CLC- FLB	VILLAVICENCIO	Llanos Orientales	UNIVERSIDAD DE LOS LLANOS	Ph.D.	BACHELOR	VETERINARY MEDICINE AND ANIMAL SCIENCE	BECA COLCIENCIAS FULBRIGHT	MALE	BIOLOGICAL, AGRICULTURAL & HEALTH SCIENCES	META	Ph.D. INTEGRATIVE PATHOBIOLOGY	University of California - Davis	2015
ARTS	CARTAGENA	Caribe	FUNDACION UNIVERSIDAD DE BOGOTA - JORGE TADEO LOZANO	MASTER'S	BACHELOR	VISUAL AND PERFORMING ARTS, GENERAL	BECA FULBRIGHT - MINCULTURA PARA ARTISTAS	MALE	ART & ARCHITECTURE	BOLIVAR	MFA DESIGN AND TECHNOLOGY	The New School	2013
FLB-LSP	ARMENIA	Eje Cafetero		MASTER'S			BECA FULBRIGHT-LASPAU	FEMALE	EDUCATION	QUINDIO		University of Kansas	1981
FLB-LSP	ARMENIA	Eje Cafetero		Ph.D.			BECA FULBRIGHT-LASPAU	MALE	HUMANITIES & SOCIAL SCIENCES	QUINDIO		Arizona State University	1982
CLC-DNP	BARRANQUILLA	Caribe	UNIVERSIDAD DEL NORTE	Ph.D.			BECA FULBRIGHT-COLCIENCIAS-DNP	MALE	ENGINEERING & APPLIED SCIENCES	ATLANTICO	MECHANICAL ENGINEERING	University of Texas at Austin	2001
FLB-LSP	CARTAGENA	Caribe		MASTER'S			BECA FULBRIGHT-LASPAU	MALE	ENGINEERING & APPLIED SCIENCES	BOLIVAR	CIVIL ENGINEERING	University of Connecticut	1981
FLB-LSP	CARTAGENA	Caribe		MASTER'S			BECA FULBRIGHT-LASPAU	FEMALE	BIOLOGICAL, AGRICULTURAL & HEALTH SCIENCES	BOLIVAR		UNIVERSITY OF MINNESOTA - TWIN CITIES	1984
JWF	TIBASOSA	Cundi-Boyacense	UNIVERSIDAD NACIONAL DE COLOMBIA	MASTER'S			BECA J. WILLIAM FULBRIGHT	MALE	ENGINEERING & APPLIED SCIENCES	BOYACA	INDUSTRIAL ENGINEERING	University of Cincinnati	1965
FLB-LSP	TUNJA	Cundi-Boyacense		MASTER'S			BECA FULBRIGHT-LASPAU	FEMALE	EDUCATION	BOYACA		Ohio University - Main Campus	1989
FLB-ICX	MANIZALES	Eje Cafetero		MASTER'S			BECA FULBRIGHT-ICETEX	MALE	PHYSICAL SCIENCES & MATHEMATICS	CALDAS	GEOPHYSICS	University of Oklahoma	1989
CLC-DNP	SANTA MARTA	Caribe	FUNDACION UNIVERSIDAD DE BOGOTA - JORGE TADEO LOZANO	Ph.D.			BECA FULBRIGHT-COLCIENCIAS-DNP	MALE	BIOLOGICAL, AGRICULTURAL & HEALTH SCIENCES	MAGDALENA	MARINE BIOLOGY	University of South Carolina - Columbia	2000
FLB-LSP	PASTO	Sur Occidente		MASTER'S			BECA FULBRIGHT-LASPAU	MALE	HUMANITIES & SOCIAL SCIENCES	NARIÑO		Southern Illinois University Carbondale	1987
FLB-LSP	ARMENIA	Eje Cafetero		MASTER'S			BECA FULBRIGHT-LASPAU	FEMALE	EDUCATION	QUINDIO	EDUCATIONAL/INSTRUCTIONAL MEDIA DESIGN	Indiana University Bloomington	1984
FLB-LSP	PEREIRA	Eje Cafetero		MASTER'S			BECA FULBRIGHT-LASPAU	MALE	ENGINEERING & APPLIED SCIENCES	RISARALDA	MECHANICAL ENGINEERING	Colorado State University	1985
FLB-LSP	BUCARAMANGA	Santanderes		MASTER'S			BECA FULBRIGHT-LASPAU	MALE	ENGINEERING & APPLIED SCIENCES	SANTANDER		Pennsylvania State University	1990
TEP	TULUA	Sur Occidente		INV & DOC			TEACHER EXCHANGE PROGRAM	MALE	EDUCATION	VALLE DEL CAUCA		BRIGHTON HIGH SCHOOL	1988
